,Unnamed: 0,country_code,sub_region_name,intermediate_region,country,income_group,year,value,total_gdp_million,gdp_variation,something
40,226,ALB,Southern Europe,no data,Albania,Ingreso mediano alto,2000,3480355258.0,3480.355258,6.946216592,
41,227,ALB,Southern Europe,no data,Albania,Ingreso mediano alto,2001,3922100794.0,3922.100794,8.293312631,
42,228,ALB,Southern Europe,no data,Albania,Ingreso mediano alto,2002,4348068242.0,4348.068242,4.53652416,
43,229,ALB,Southern Europe,no data,Albania,Ingreso mediano alto,2003,5611496257.0,5611.496257,5.528637465,
44,230,ALB,Southern Europe,no data,Albania,Ingreso mediano alto,2004,7184685782.0,7184.685782,5.514667911,
45,231,ALB,Southern Europe,no data,Albania,Ingreso mediano alto,2005,8052073539.0,8052.073539,5.526424247,
46,232,ALB,Southern Europe,no data,Albania,Ingreso mediano alto,2006,8896072919.0,8896.072919,5.902659036,
47,233,ALB,Southern Europe,no data,Albania,Ingreso mediano alto,2007,10677324144.0,10677.32414,5.983259519,
48,234,ALB,Southern Europe,no data,Albania,Ingreso mediano alto,2008,12881353508.0,12881.35351,7.50004143,
49,235,ALB,Southern Europe,no data,Albania,Ingreso mediano alto,2009,12044208086.0,12044.20809,3.35428935,
50,236,ALB,Southern Europe,no data,Albania,Ingreso mediano alto,2010,11926922829.0,11926.92283,3.706938153,
51,237,ALB,Southern Europe,no data,Albania,Ingreso mediano alto,2011,12890764531.0,12890.76453,2.545406145,
52,238,ALB,Southern Europe,no data,Albania,Ingreso mediano alto,2012,12319830437.0,12319.83044,1.4172428,
53,239,ALB,Southern Europe,no data,Albania,Ingreso mediano alto,2013,12776220507.0,12776.22051,1.002017541,
54,240,ALB,Southern Europe,no data,Albania,Ingreso mediano alto,2014,13228147516.0,13228.14752,1.774448853,
55,241,ALB,Southern Europe,no data,Albania,Ingreso mediano alto,2015,11386850130.0,11386.85013,2.218726375,
56,242,ALB,Southern Europe,no data,Albania,Ingreso mediano alto,2016,11861199831.0,11861.19983,3.314980684,
57,243,ALB,Southern Europe,no data,Albania,Ingreso mediano alto,2017,13019689337.0,13019.68934,3.8022274,
58,244,ALB,Southern Europe,no data,Albania,Ingreso mediano alto,2018,15156432310.0,15156.43231,4.019359685,
59,245,ALB,Southern Europe,no data,Albania,Ingreso mediano alto,2019,15401830754.0,15401.83075,2.088063376,
102,722,AUT,Western Europe,no data,Austria,Ingreso alto,2000,197000000000.0,197289.6255,3.375722147,
103,723,AUT,Western Europe,no data,Austria,Ingreso alto,2001,198000000000.0,197508.7732,1.267168189,
104,724,AUT,Western Europe,no data,Austria,Ingreso alto,2002,214000000000.0,214394.8667,1.651553922,
105,725,AUT,Western Europe,no data,Austria,Ingreso alto,2003,262000000000.0,262273.6312,0.941470921,
106,726,AUT,Western Europe,no data,Austria,Ingreso alto,2004,301000000000.0,301457.562,2.735120222,
107,727,AUT,Western Europe,no data,Austria,Ingreso alto,2005,316000000000.0,316092.2733,2.244065325,
108,728,AUT,Western Europe,no data,Austria,Ingreso alto,2006,336000000000.0,336280.0643,3.454041836,
109,729,AUT,Western Europe,no data,Austria,Ingreso alto,2007,389000000000.0,389185.5715,3.727415301,
110,730,AUT,Western Europe,no data,Austria,Ingreso alto,2008,432000000000.0,432051.9356,1.460423676,
111,731,AUT,Western Europe,no data,Austria,Ingreso alto,2009,402000000000.0,401758.7358,-3.764578178,
112,732,AUT,Western Europe,no data,Austria,Ingreso alto,2010,392000000000.0,392275.1073,1.837093677,
113,733,AUT,Western Europe,no data,Austria,Ingreso alto,2011,432000000000.0,431685.2174,2.922797284,
114,734,AUT,Western Europe,no data,Austria,Ingreso alto,2012,409000000000.0,409401.8161,0.680445577,
115,735,AUT,Western Europe,no data,Austria,Ingreso alto,2013,430000000000.0,430190.9797,0.025504712,
116,736,AUT,Western Europe,no data,Austria,Ingreso alto,2014,443000000000.0,442584.8153,0.661272849,
117,737,AUT,Western Europe,no data,Austria,Ingreso alto,2015,382000000000.0,381971.1485,1.014501586,
118,738,AUT,Western Europe,no data,Austria,Ingreso alto,2016,396000000000.0,395837.353,1.989437162,
119,739,AUT,Western Europe,no data,Austria,Ingreso alto,2017,417000000000.0,417261.1518,2.258572433,
120,740,AUT,Western Europe,no data,Austria,Ingreso alto,2018,455000000000.0,454991.1741,2.425385361,
121,741,AUT,Western Europe,no data,Austria,Ingreso alto,2019,445000000000.0,444621.1761,1.517388583,
164,908,BEL,Western Europe,no data,Belgium,Ingreso alto,2000,237000000000.0,236792.4603,3.716679384,
165,909,BEL,Western Europe,no data,Belgium,Ingreso alto,2001,237000000000.0,236746.1416,1.099618888,
166,910,BEL,Western Europe,no data,Belgium,Ingreso alto,2002,258000000000.0,258383.5994,1.706884585,
167,911,BEL,Western Europe,no data,Belgium,Ingreso alto,2003,318000000000.0,318082.5285,1.037982549,
168,912,BEL,Western Europe,no data,Belgium,Ingreso alto,2004,369000000000.0,369214.7124,3.571204343,
169,913,BEL,Western Europe,no data,Belgium,Ingreso alto,2005,386000000000.0,385714.7622,2.321737054,
170,914,BEL,Western Europe,no data,Belgium,Ingreso alto,2006,408000000000.0,408259.8409,2.552349944,
171,915,BEL,Western Europe,no data,Belgium,Ingreso alto,2007,471000000000.0,470922.1563,3.676881136,
172,916,BEL,Western Europe,no data,Belgium,Ingreso alto,2008,517000000000.0,517328.0879,0.446928735,
173,917,BEL,Western Europe,no data,Belgium,Ingreso alto,2009,483000000000.0,483254.1711,-2.020743062,
174,918,BEL,Western Europe,no data,Belgium,Ingreso alto,2010,481000000000.0,481420.8829,2.864292708,
175,919,BEL,Western Europe,no data,Belgium,Ingreso alto,2011,523000000000.0,523330.3541,1.694513899,
176,920,BEL,Western Europe,no data,Belgium,Ingreso alto,2012,496000000000.0,496152.8799,0.739217283,
177,921,BEL,Western Europe,no data,Belgium,Ingreso alto,2013,522000000000.0,521791.0152,0.459242193,
178,922,BEL,Western Europe,no data,Belgium,Ingreso alto,2014,535000000000.0,535390.2001,1.578533143,
179,923,BEL,Western Europe,no data,Belgium,Ingreso alto,2015,462000000000.0,462335.5748,2.041459009,
180,924,BEL,Western Europe,no data,Belgium,Ingreso alto,2016,476000000000.0,476062.7574,1.266686409,
181,925,BEL,Western Europe,no data,Belgium,Ingreso alto,2017,503000000000.0,502764.7206,1.619580278,
182,926,BEL,Western Europe,no data,Belgium,Ingreso alto,2018,543000000000.0,543299.067,1.792945193,
183,927,BEL,Western Europe,no data,Belgium,Ingreso alto,2019,536000000000.0,535830.8767,2.24085824,
226,1156,BGR,Eastern Europe,no data,Bulgaria,Ingreso mediano alto,2000,13245834315.0,13245.83431,4.587224782,
227,1157,BGR,Eastern Europe,no data,Bulgaria,Ingreso mediano alto,2001,14183497963.0,14183.49796,3.823703363,
228,1158,BGR,Eastern Europe,no data,Bulgaria,Ingreso mediano alto,2002,16402846413.0,16402.84641,5.871931433,
229,1159,BGR,Eastern Europe,no data,Bulgaria,Ingreso mediano alto,2003,21144982397.0,21144.9824,5.237155215,
230,1160,BGR,Eastern Europe,no data,Bulgaria,Ingreso mediano alto,2004,26157892832.0,26157.89283,6.510425341,
231,1161,BGR,Eastern Europe,no data,Bulgaria,Ingreso mediano alto,2005,29869284035.0,29869.28404,7.05634894,
232,1162,BGR,Eastern Europe,no data,Bulgaria,Ingreso mediano alto,2006,34379808889.0,34379.80889,6.802589226,
233,1163,BGR,Eastern Europe,no data,Bulgaria,Ingreso mediano alto,2007,44432811756.0,44432.81176,6.654386825,
234,1164,BGR,Eastern Europe,no data,Bulgaria,Ingreso mediano alto,2008,54481376860.0,54481.37686,6.129559704,
235,1165,BGR,Eastern Europe,no data,Bulgaria,Ingreso mediano alto,2009,52023505367.0,52023.50537,-3.347142095,
236,1166,BGR,Eastern Europe,no data,Bulgaria,Ingreso mediano alto,2010,50682061053.0,50682.06105,1.541801443,
237,1167,BGR,Eastern Europe,no data,Bulgaria,Ingreso mediano alto,2011,57678241024.0,57678.24102,2.10120575,
238,1168,BGR,Eastern Europe,no data,Bulgaria,Ingreso mediano alto,2012,54300857424.0,54300.85742,0.754930386,
239,1169,BGR,Eastern Europe,no data,Bulgaria,Ingreso mediano alto,2013,55810138436.0,55810.13844,-0.560493966,
240,1170,BGR,Eastern Europe,no data,Bulgaria,Ingreso mediano alto,2014,57082011260.0,57082.01126,0.966869032,
241,1171,BGR,Eastern Europe,no data,Bulgaria,Ingreso mediano alto,2015,50781996713.0,50781.99671,3.428054914,
242,1172,BGR,Eastern Europe,no data,Bulgaria,Ingreso mediano alto,2016,53953897624.0,53953.89762,3.039825276,
243,1173,BGR,Eastern Europe,no data,Bulgaria,Ingreso mediano alto,2017,59199447421.0,59199.44742,2.76217096,
244,1174,BGR,Eastern Europe,no data,Bulgaria,Ingreso mediano alto,2018,66363537115.0,66363.53712,2.684760587,
245,1175,BGR,Eastern Europe,no data,Bulgaria,Ingreso mediano alto,2019,68915875215.0,68915.87521,4.038142206,
288,1342,BIH,Southern Europe,no data,Bosnia and Herzegovina,Ingreso mediano alto,2000,5567405605.0,5567.405605,12.76546946,
289,1343,BIH,Southern Europe,no data,Bosnia and Herzegovina,Ingreso mediano alto,2001,5800774707.0,5800.774707,2.423313172,
290,1344,BIH,Southern Europe,no data,Bosnia and Herzegovina,Ingreso mediano alto,2002,6728771319.0,6728.771319,5.027444207,
291,1345,BIH,Southern Europe,no data,Bosnia and Herzegovina,Ingreso mediano alto,2003,8498560877.0,8498.560877,3.867138795,
292,1346,BIH,Southern Europe,no data,Bosnia and Herzegovina,Ingreso mediano alto,2004,10157553968.0,10157.55397,6.325266169,
293,1347,BIH,Southern Europe,no data,Bosnia and Herzegovina,Ingreso mediano alto,2005,11222953329.0,11222.95333,3.89717799,
294,1348,BIH,Southern Europe,no data,Bosnia and Herzegovina,Ingreso mediano alto,2006,12864610865.0,12864.61087,5.414003571,
295,1349,BIH,Southern Europe,no data,Bosnia and Herzegovina,Ingreso mediano alto,2007,15778767390.0,15778.76739,5.857126342,
296,1350,BIH,Southern Europe,no data,Bosnia and Herzegovina,Ingreso mediano alto,2008,19112739365.0,19112.73936,5.443831035,
297,1351,BIH,Southern Europe,no data,Bosnia and Herzegovina,Ingreso mediano alto,2009,17613836494.0,17613.83649,-3.00445593,
298,1352,BIH,Southern Europe,no data,Bosnia and Herzegovina,Ingreso mediano alto,2010,17176781066.0,17176.78107,0.86566926,
299,1353,BIH,Southern Europe,no data,Bosnia and Herzegovina,Ingreso mediano alto,2011,18644723861.0,18644.72386,0.959511247,
300,1354,BIH,Southern Europe,no data,Bosnia and Herzegovina,Ingreso mediano alto,2012,17226849166.0,17226.84917,-0.821836474,
301,1355,BIH,Southern Europe,no data,Bosnia and Herzegovina,Ingreso mediano alto,2013,18178503835.0,18178.50384,2.349856663,
302,1356,BIH,Southern Europe,no data,Bosnia and Herzegovina,Ingreso mediano alto,2014,18558343305.0,18558.3433,1.153851092,
303,1357,BIH,Southern Europe,no data,Bosnia and Herzegovina,Ingreso mediano alto,2015,16211541593.0,16211.54159,3.089162709,
304,1358,BIH,Southern Europe,no data,Bosnia and Herzegovina,Ingreso mediano alto,2016,16913330977.0,16913.33098,3.149807309,
305,1359,BIH,Southern Europe,no data,Bosnia and Herzegovina,Ingreso mediano alto,2017,18080118186.0,18080.11819,3.171434907,
306,1360,BIH,Southern Europe,no data,Bosnia and Herzegovina,Ingreso mediano alto,2018,20183510863.0,20183.51086,3.740073101,
307,1361,BIH,Southern Europe,no data,Bosnia and Herzegovina,Ingreso mediano alto,2019,20202479538.0,20202.47954,2.831001308,
350,1404,BLR,Eastern Europe,no data,Belarus,Ingreso mediano alto,2000,12736856828.0,12736.85683,5.80000344,
351,1405,BLR,Eastern Europe,no data,Belarus,Ingreso mediano alto,2001,12354820144.0,12354.82014,4.725305994,
352,1406,BLR,Eastern Europe,no data,Belarus,Ingreso mediano alto,2002,14594249023.0,14594.24902,5.04526748,
353,1407,BLR,Eastern Europe,no data,Belarus,Ingreso mediano alto,2003,17827791321.0,17827.79132,7.043192559,
354,1408,BLR,Eastern Europe,no data,Belarus,Ingreso mediano alto,2004,23144351852.0,23144.35185,11.44974311,
355,1409,BLR,Eastern Europe,no data,Belarus,Ingreso mediano alto,2005,30207567317.0,30207.56732,9.400001524,
356,1410,BLR,Eastern Europe,no data,Belarus,Ingreso mediano alto,2006,36954312354.0,36954.31235,9.999994812,
357,1411,BLR,Eastern Europe,no data,Belarus,Ingreso mediano alto,2007,45277399814.0,45277.39981,8.600006536,
358,1412,BLR,Eastern Europe,no data,Belarus,Ingreso mediano alto,2008,60763483146.0,60763.48315,10.19999944,
359,1413,BLR,Eastern Europe,no data,Belarus,Ingreso mediano alto,2009,50874078052.0,50874.07805,0.19999531,
360,1414,BLR,Eastern Europe,no data,Belarus,Ingreso mediano alto,2010,57222490769.0,57222.49077,7.798266823,
361,1415,BLR,Eastern Europe,no data,Belarus,Ingreso mediano alto,2011,61757788945.0,61757.78894,5.37870745,
362,1416,BLR,Eastern Europe,no data,Belarus,Ingreso mediano alto,2012,65685102555.0,65685.10255,1.687135536,
363,1417,BLR,Eastern Europe,no data,Belarus,Ingreso mediano alto,2013,75527984234.0,75527.98423,1.003470841,
364,1418,BLR,Eastern Europe,no data,Belarus,Ingreso mediano alto,2014,78813839984.0,78813.83998,1.726384854,
365,1419,BLR,Eastern Europe,no data,Belarus,Ingreso mediano alto,2015,56454734397.0,56454.7344,-3.829570558,
366,1420,BLR,Eastern Europe,no data,Belarus,Ingreso mediano alto,2016,47722657821.0,47722.65782,-2.526446436,
367,1421,BLR,Eastern Europe,no data,Belarus,Ingreso mediano alto,2017,54726595249.0,54726.59525,2.5321835,
368,1422,BLR,Eastern Europe,no data,Belarus,Ingreso mediano alto,2018,60031262269.0,60031.26227,3.149197594,
369,1423,BLR,Eastern Europe,no data,Belarus,Ingreso mediano alto,2019,64409647194.0,64409.64719,1.4,
412,2086,CHE,Western Europe,no data,Switzerland,Ingreso alto,2000,279000000000.0,279216.0339,3.958719719,
413,2087,CHE,Western Europe,no data,Switzerland,Ingreso alto,2001,287000000000.0,286582.6724,1.575661967,
414,2088,CHE,Western Europe,no data,Switzerland,Ingreso alto,2002,309000000000.0,309301.4224,-0.073217084,
415,2089,CHE,Western Europe,no data,Switzerland,Ingreso alto,2003,362000000000.0,362075.0865,-0.032398477,
416,2090,CHE,Western Europe,no data,Switzerland,Ingreso alto,2004,404000000000.0,403912.891,2.70170921,
417,2091,CHE,Western Europe,no data,Switzerland,Ingreso alto,2005,418000000000.0,418284.8659,2.749698985,
418,2092,CHE,Western Europe,no data,Switzerland,Ingreso alto,2006,442000000000.0,441634.6722,4.07362845,
419,2093,CHE,Western Europe,no data,Switzerland,Ingreso alto,2007,491000000000.0,490740.7156,3.916375818,
420,2094,CHE,Western Europe,no data,Switzerland,Ingreso alto,2008,567000000000.0,567267.7675,2.807983632,
421,2095,CHE,Western Europe,no data,Switzerland,Ingreso alto,2009,554000000000.0,554212.9161,-2.297374631,
422,2096,CHE,Western Europe,no data,Switzerland,Ingreso alto,2010,599000000000.0,598851.0289,3.243397336,
423,2097,CHE,Western Europe,no data,Switzerland,Ingreso alto,2011,716000000000.0,715888.1267,1.813108192,
424,2098,CHE,Western Europe,no data,Switzerland,Ingreso alto,2012,686000000000.0,686420.2216,1.179253833,
425,2099,CHE,Western Europe,no data,Switzerland,Ingreso alto,2013,706000000000.0,706234.9374,1.792144057,
426,2100,CHE,Western Europe,no data,Switzerland,Ingreso alto,2014,727000000000.0,726537.8083,2.349881275,
427,2101,CHE,Western Europe,no data,Switzerland,Ingreso alto,2015,694000000000.0,694118.1864,1.644627687,
428,2102,CHE,Western Europe,no data,Switzerland,Ingreso alto,2016,688000000000.0,687895.4609,2.068689667,
429,2103,CHE,Western Europe,no data,Switzerland,Ingreso alto,2017,695000000000.0,695200.8331,1.362799557,
430,2104,CHE,Western Europe,no data,Switzerland,Ingreso alto,2018,726000000000.0,725568.7175,2.860445795,
431,2105,CHE,Western Europe,no data,Switzerland,Ingreso alto,2019,721000000000.0,721369.1127,1.141982325,
474,2954,CYP,Western Asia,no data,Cyprus,Ingreso alto,2000,9985844486.0,9985.844486,5.965310315,
475,2955,CYP,Western Asia,no data,Cyprus,Ingreso alto,2001,10397897086.0,10397.89709,3.952560541,
476,2956,CYP,Western Asia,no data,Cyprus,Ingreso alto,2002,11420227885.0,11420.22788,3.722956499,
477,2957,CYP,Western Asia,no data,Cyprus,Ingreso alto,2003,14547325028.0,14547.32503,2.623286123,
478,2958,CYP,Western Asia,no data,Cyprus,Ingreso alto,2004,17320552500.0,17320.5525,5.026343926,
479,2959,CYP,Western Asia,no data,Cyprus,Ingreso alto,2005,18433411267.0,18433.41127,4.853003838,
480,2960,CYP,Western Asia,no data,Cyprus,Ingreso alto,2006,20072786351.0,20072.78635,4.713828666,
481,2961,CYP,Western Asia,no data,Cyprus,Ingreso alto,2007,23968764030.0,23968.76403,5.098068453,
482,2962,CYP,Western Asia,no data,Cyprus,Ingreso alto,2008,27844698989.0,27844.69899,3.646811991,
483,2963,CYP,Western Asia,no data,Cyprus,Ingreso alto,2009,25945391775.0,25945.39178,-2.015262359,
484,2964,CYP,Western Asia,no data,Cyprus,Ingreso alto,2010,25800247912.0,25800.24791,2.283544997,
485,2965,CYP,Western Asia,no data,Cyprus,Ingreso alto,2011,27642086581.0,27642.08658,0.416712763,
486,2966,CYP,Western Asia,no data,Cyprus,Ingreso alto,2012,25048659900.0,25048.6599,-3.447381424,
487,2967,CYP,Western Asia,no data,Cyprus,Ingreso alto,2013,23961144906.0,23961.14491,-6.587482257,
488,2968,CYP,Western Asia,no data,Cyprus,Ingreso alto,2014,23226782251.0,23226.78225,-1.776061912,
489,2969,CYP,Western Asia,no data,Cyprus,Ingreso alto,2015,19909190059.0,19909.19006,3.418923188,
490,2970,CYP,Western Asia,no data,Cyprus,Ingreso alto,2016,21046951516.0,21046.95152,6.573580202,
491,2971,CYP,Western Asia,no data,Cyprus,Ingreso alto,2017,22946726164.0,22946.72616,5.733476139,
492,2972,CYP,Western Asia,no data,Cyprus,Ingreso alto,2018,25596474965.0,25596.47496,5.647858201,
493,2973,CYP,Western Asia,no data,Cyprus,Ingreso alto,2019,25944504646.0,25944.50465,5.529428549,
536,3016,CZE,Eastern Europe,no data,Czech Republic,Ingreso alto,2000,61828166496.0,61828.1665,4.001028635,
537,3017,CZE,Eastern Europe,no data,Czech Republic,Ingreso alto,2001,67808032980.0,67808.03298,3.042976563,
538,3018,CZE,Eastern Europe,no data,Czech Republic,Ingreso alto,2002,82196001051.0,82196.00105,1.569855328,
539,3019,CZE,Eastern Europe,no data,Czech Republic,Ingreso alto,2003,100000000000.0,100090.4676,3.583688459,
540,3020,CZE,Eastern Europe,no data,Czech Republic,Ingreso alto,2004,120000000000.0,119814.4344,4.814261001,
541,3021,CZE,Eastern Europe,no data,Czech Republic,Ingreso alto,2005,137000000000.0,137143.4713,6.60161753,
542,3022,CZE,Eastern Europe,no data,Czech Republic,Ingreso alto,2006,156000000000.0,156264.0957,6.766932681,
543,3023,CZE,Eastern Europe,no data,Czech Republic,Ingreso alto,2007,190000000000.0,190183.8009,5.570338859,
544,3024,CZE,Eastern Europe,no data,Czech Republic,Ingreso alto,2008,237000000000.0,236816.4858,2.686411951,
545,3025,CZE,Eastern Europe,no data,Czech Republic,Ingreso alto,2009,207000000000.0,207434.2968,-4.657331092,
546,3026,CZE,Eastern Europe,no data,Czech Republic,Ingreso alto,2010,209000000000.0,209069.941,2.434902159,
547,3027,CZE,Eastern Europe,no data,Czech Republic,Ingreso alto,2011,230000000000.0,229562.7334,1.760359624,
548,3028,CZE,Eastern Europe,no data,Czech Republic,Ingreso alto,2012,209000000000.0,208857.7193,-0.785004299,
549,3029,CZE,Eastern Europe,no data,Czech Republic,Ingreso alto,2013,212000000000.0,211685.6166,-0.045903674,
550,3030,CZE,Eastern Europe,no data,Czech Republic,Ingreso alto,2014,209000000000.0,209358.8342,2.262102897,
551,3031,CZE,Eastern Europe,no data,Czech Republic,Ingreso alto,2015,188000000000.0,188033.0505,5.388380838,
552,3032,CZE,Eastern Europe,no data,Czech Republic,Ingreso alto,2016,196000000000.0,196272.0686,2.53728452,
553,3033,CZE,Eastern Europe,no data,Czech Republic,Ingreso alto,2017,219000000000.0,218628.941,5.168724304,
554,3034,CZE,Eastern Europe,no data,Czech Republic,Ingreso alto,2018,249000000000.0,249000.5407,3.22008807,
555,3035,CZE,Eastern Europe,no data,Czech Republic,Ingreso alto,2019,253000000000.0,252548.18,3.029878663,
598,3078,DEU,Western Europe,no data,Germany,Ingreso alto,2000,1950000000000.0,1947981.991,2.912502964,
599,3079,DEU,Western Europe,no data,Germany,Ingreso alto,2001,1950000000000.0,1945790.974,1.681468481,
600,3080,DEU,Western Europe,no data,Germany,Ingreso alto,2002,2080000000000.0,2078484.517,-0.197973835,
601,3081,DEU,Western Europe,no data,Germany,Ingreso alto,2003,2500000000000.0,2501640.388,-0.700116686,
602,3082,DEU,Western Europe,no data,Germany,Ingreso alto,2004,2810000000000.0,2814353.869,1.175088132,
603,3083,DEU,Western Europe,no data,Germany,Ingreso alto,2005,2850000000000.0,2846864.211,0.731707164,
604,3084,DEU,Western Europe,no data,Germany,Ingreso alto,2006,2990000000000.0,2994703.642,3.816441913,
605,3085,DEU,Western Europe,no data,Germany,Ingreso alto,2007,3430000000000.0,3425578.383,2.976455131,
606,3086,DEU,Western Europe,no data,Germany,Ingreso alto,2008,3750000000000.0,3745264.094,0.959879134,
607,3087,DEU,Western Europe,no data,Germany,Ingreso alto,2009,3410000000000.0,3411261.213,-5.693836336,
608,3088,DEU,Western Europe,no data,Germany,Ingreso alto,2010,3400000000000.0,3399667.82,4.179882499,
609,3089,DEU,Western Europe,no data,Germany,Ingreso alto,2011,3750000000000.0,3749314.991,3.925192705,
610,3090,DEU,Western Europe,no data,Germany,Ingreso alto,2012,3530000000000.0,3527143.189,0.418497594,
611,3091,DEU,Western Europe,no data,Germany,Ingreso alto,2013,3730000000000.0,3733804.65,0.437591303,
612,3092,DEU,Western Europe,no data,Germany,Ingreso alto,2014,3890000000000.0,3889093.051,2.209543431,
613,3093,DEU,Western Europe,no data,Germany,Ingreso alto,2015,3360000000000.0,3357585.719,1.491931528,
614,3094,DEU,Western Europe,no data,Germany,Ingreso alto,2016,3470000000000.0,3469853.464,2.229999868,
615,3095,DEU,Western Europe,no data,Germany,Ingreso alto,2017,3690000000000.0,3690849.153,2.680231114,
616,3096,DEU,Western Europe,no data,Germany,Ingreso alto,2018,3970000000000.0,3974443.355,0.981232606,
617,3097,DEU,Western Europe,no data,Germany,Ingreso alto,2019,3890000000000.0,3888226.036,1.056603898,
660,3264,DNK,Northern Europe,no data,Denmark,Ingreso alto,2000,164000000000.0,164158.7391,3.746862595,
661,3265,DNK,Northern Europe,no data,Denmark,Ingreso alto,2001,165000000000.0,164791.4425,0.823152998,
662,3266,DNK,Northern Europe,no data,Denmark,Ingreso alto,2002,179000000000.0,178635.1637,0.466345571,
663,3267,DNK,Northern Europe,no data,Denmark,Ingreso alto,2003,218000000000.0,218096.0335,0.390058556,
664,3268,DNK,Northern Europe,no data,Denmark,Ingreso alto,2004,251000000000.0,251373.003,2.668219267,
665,3269,DNK,Northern Europe,no data,Denmark,Ingreso alto,2005,264000000000.0,264467.3365,2.336641308,
666,3270,DNK,Northern Europe,no data,Denmark,Ingreso alto,2006,283000000000.0,282884.9477,3.913007978,
667,3271,DNK,Northern Europe,no data,Denmark,Ingreso alto,2007,319000000000.0,319423.4245,0.909238928,
668,3272,DNK,Northern Europe,no data,Denmark,Ingreso alto,2008,353000000000.0,353361.0388,-0.512016745,
669,3273,DNK,Northern Europe,no data,Denmark,Ingreso alto,2009,321000000000.0,321241.3037,-4.90654773,
670,3274,DNK,Northern Europe,no data,Denmark,Ingreso alto,2010,322000000000.0,321995.2794,1.870991147,
671,3275,DNK,Northern Europe,no data,Denmark,Ingreso alto,2011,344000000000.0,344003.1376,1.336777767,
672,3276,DNK,Northern Europe,no data,Denmark,Ingreso alto,2012,327000000000.0,327148.9438,0.226499792,
673,3277,DNK,Northern Europe,no data,Denmark,Ingreso alto,2013,344000000000.0,343584.3916,0.933340972,
674,3278,DNK,Northern Europe,no data,Denmark,Ingreso alto,2014,353000000000.0,352993.6316,1.619393811,
675,3279,DNK,Northern Europe,no data,Denmark,Ingreso alto,2015,303000000000.0,302673.0708,2.342591108,
676,3280,DNK,Northern Europe,no data,Denmark,Ingreso alto,2016,313000000000.0,313115.9293,3.245956985,
677,3281,DNK,Northern Europe,no data,Denmark,Ingreso alto,2017,332000000000.0,332121.0638,2.821736341,
678,3282,DNK,Northern Europe,no data,Denmark,Ingreso alto,2018,357000000000.0,356841.2164,1.989537315,
679,3283,DNK,Northern Europe,no data,Denmark,Ingreso alto,2019,346000000000.0,346498.738,1.493486959,
722,3636,ESP,Southern Europe,no data,Spain,Ingreso alto,2000,598000000000.0,598363.3135,5.245943824,
723,3637,ESP,Southern Europe,no data,Spain,Ingreso alto,2001,628000000000.0,627830.0294,3.933002765,
724,3638,ESP,Southern Europe,no data,Spain,Ingreso alto,2002,709000000000.0,708756.6771,2.730948329,
725,3639,ESP,Southern Europe,no data,Spain,Ingreso alto,2003,907000000000.0,907491.5232,2.981936316,
726,3640,ESP,Southern Europe,no data,Spain,Ingreso alto,2004,1070000000000.0,1069055.675,3.122733517,
727,3641,ESP,Southern Europe,no data,Spain,Ingreso alto,2005,1150000000000.0,1153715.823,3.652084192,
728,3642,ESP,Southern Europe,no data,Spain,Ingreso alto,2006,1260000000000.0,1260398.978,4.102685741,
729,3643,ESP,Southern Europe,no data,Spain,Ingreso alto,2007,1470000000000.0,1474002.58,3.604738462,
730,3644,ESP,Southern Europe,no data,Spain,Ingreso alto,2008,1630000000000.0,1631863.494,0.887067046,
731,3645,ESP,Southern Europe,no data,Spain,Ingreso alto,2009,1490000000000.0,1491472.924,-3.763107042,
732,3646,ESP,Southern Europe,no data,Spain,Ingreso alto,2010,1420000000000.0,1422108.2,0.162919518,
733,3647,ESP,Southern Europe,no data,Spain,Ingreso alto,2011,1480000000000.0,1480710.496,-0.814384777,
734,3648,ESP,Southern Europe,no data,Spain,Ingreso alto,2012,1320000000000.0,1324750.739,-2.958922132,
735,3649,ESP,Southern Europe,no data,Spain,Ingreso alto,2013,1360000000000.0,1355579.536,-1.403341868,
736,3650,ESP,Southern Europe,no data,Spain,Ingreso alto,2014,1370000000000.0,1371820.538,1.395775367,
737,3651,ESP,Southern Europe,no data,Spain,Ingreso alto,2015,1200000000000.0,1196156.971,3.838518877,
738,3652,ESP,Southern Europe,no data,Spain,Ingreso alto,2016,1230000000000.0,1233554.967,3.037774142,
739,3653,ESP,Southern Europe,no data,Spain,Ingreso alto,2017,1310000000000.0,1313245.33,2.975760729,
740,3654,ESP,Southern Europe,no data,Spain,Ingreso alto,2018,1420000000000.0,1421702.715,2.284469419,
741,3655,ESP,Southern Europe,no data,Spain,Ingreso alto,2019,1390000000000.0,1394320.055,1.983966223,
784,3698,EST,Northern Europe,no data,Estonia,Ingreso alto,2000,5686579748.0,5686.579748,10.08763444,
785,3699,EST,Northern Europe,no data,Estonia,Ingreso alto,2001,6254649539.0,6254.649539,6.003674251,
786,3700,EST,Northern Europe,no data,Estonia,Ingreso alto,2002,7367975888.0,7367.975888,6.77136793,
787,3701,EST,Northern Europe,no data,Estonia,Ingreso alto,2003,9874013098.0,9874.013098,7.600265185,
788,3702,EST,Northern Europe,no data,Estonia,Ingreso alto,2004,12145911801.0,12145.9118,6.804007771,
789,3703,EST,Northern Europe,no data,Estonia,Ingreso alto,2005,14106790200.0,14106.7902,9.526426972,
790,3704,EST,Northern Europe,no data,Estonia,Ingreso alto,2006,17022870405.0,17022.87041,9.76558337,
791,3705,EST,Northern Europe,no data,Estonia,Ingreso alto,2007,22449129483.0,22449.12948,7.57914052,
792,3706,EST,Northern Europe,no data,Estonia,Ingreso alto,2008,24341678629.0,24341.67863,-5.132000958,
793,3707,EST,Northern Europe,no data,Estonia,Ingreso alto,2009,19633031398.0,19633.0314,-14.62905503,
794,3708,EST,Northern Europe,no data,Estonia,Ingreso alto,2010,19523477326.0,19523.47733,2.444265118,
795,3709,EST,Northern Europe,no data,Estonia,Ingreso alto,2011,23213994093.0,23213.99409,7.263084581,
796,3710,EST,Northern Europe,no data,Estonia,Ingreso alto,2012,23019150071.0,23019.15007,3.228200494,
797,3711,EST,Northern Europe,no data,Estonia,Ingreso alto,2013,25115753366.0,25115.75337,1.458428636,
798,3712,EST,Northern Europe,no data,Estonia,Ingreso alto,2014,26634083965.0,26634.08397,3.011366587,
799,3713,EST,Northern Europe,no data,Estonia,Ingreso alto,2015,22890762090.0,22890.76209,1.853020046,
800,3714,EST,Northern Europe,no data,Estonia,Ingreso alto,2016,24072829277.0,24072.82928,3.155564814,
801,3715,EST,Northern Europe,no data,Estonia,Ingreso alto,2017,26924385103.0,26924.3851,5.792044675,
802,3716,EST,Northern Europe,no data,Estonia,Ingreso alto,2018,30624720196.0,30624.7202,3.78420085,
803,3717,EST,Northern Europe,no data,Estonia,Ingreso alto,2019,31081901909.0,31081.90191,3.739706682,
846,3822,FIN,Northern Europe,no data,Finland,Ingreso alto,2000,126000000000.0,126019.5434,5.773362458,
847,3823,FIN,Northern Europe,no data,Finland,Ingreso alto,2001,130000000000.0,129533.1073,2.610019124,
848,3824,FIN,Northern Europe,no data,Finland,Ingreso alto,2002,140000000000.0,140404.4602,1.707148962,
849,3825,FIN,Northern Europe,no data,Finland,Ingreso alto,2003,172000000000.0,171652.4583,2.003784203,
850,3826,FIN,Northern Europe,no data,Finland,Ingreso alto,2004,197000000000.0,197479.444,3.99209129,
851,3827,FIN,Northern Europe,no data,Finland,Ingreso alto,2005,205000000000.0,204885.4947,2.779850556,
852,3828,FIN,Northern Europe,no data,Finland,Ingreso alto,2006,217000000000.0,217089.2698,4.027409658,
853,3829,FIN,Northern Europe,no data,Finland,Ingreso alto,2007,256000000000.0,256378.0678,5.299336507,
854,3830,FIN,Northern Europe,no data,Finland,Ingreso alto,2008,286000000000.0,285716.3111,0.783995061,
855,3831,FIN,Northern Europe,no data,Finland,Ingreso alto,2009,253000000000.0,253497.5208,-8.074447432,
856,3832,FIN,Northern Europe,no data,Finland,Ingreso alto,2010,249000000000.0,249424.3108,3.185958654,
857,3833,FIN,Northern Europe,no data,Finland,Ingreso alto,2011,276000000000.0,275604.3562,2.547664838,
858,3834,FIN,Northern Europe,no data,Finland,Ingreso alto,2012,258000000000.0,258290.0602,-1.397545728,
859,3835,FIN,Northern Europe,no data,Finland,Ingreso alto,2013,271000000000.0,271362.4059,-0.901696316,
860,3836,FIN,Northern Europe,no data,Finland,Ingreso alto,2014,275000000000.0,274862.8268,-0.364908157,
861,3837,FIN,Northern Europe,no data,Finland,Ingreso alto,2015,235000000000.0,234534.3824,0.543659212,
862,3838,FIN,Northern Europe,no data,Finland,Ingreso alto,2016,241000000000.0,240771.3513,2.811457767,
863,3839,FIN,Northern Europe,no data,Finland,Ingreso alto,2017,256000000000.0,255647.9799,3.19240963,
864,3840,FIN,Northern Europe,no data,Finland,Ingreso alto,2018,276000000000.0,275708.0018,1.139718013,
865,3841,FIN,Northern Europe,no data,Finland,Ingreso alto,2019,269000000000.0,268514.917,1.224748922,
908,3946,FRA,Western Europe,no data,France,Ingreso alto,2000,1370000000000.0,1365639.661,3.923669227,
909,3947,FRA,Western Europe,no data,France,Ingreso alto,2001,1380000000000.0,1377657.339,1.983721419,
910,3948,FRA,Western Europe,no data,France,Ingreso alto,2002,1500000000000.0,1501409.383,1.135531482,
911,3949,FRA,Western Europe,no data,France,Ingreso alto,2003,1840000000000.0,1844544.792,0.823160757,
912,3950,FRA,Western Europe,no data,France,Ingreso alto,2004,2120000000000.0,2119633.182,2.829752929,
913,3951,FRA,Western Europe,no data,France,Ingreso alto,2005,2200000000000.0,2196945.232,1.66321998,
914,3952,FRA,Western Europe,no data,France,Ingreso alto,2006,2320000000000.0,2320536.221,2.449323601,
915,3953,FRA,Western Europe,no data,France,Ingreso alto,2007,2660000000000.0,2660591.246,2.424736243,
916,3954,FRA,Western Europe,no data,France,Ingreso alto,2008,2930000000000.0,2930303.781,0.25494596,
917,3955,FRA,Western Europe,no data,France,Ingreso alto,2009,2700000000000.0,2700887.367,-2.873313828,
918,3956,FRA,Western Europe,no data,France,Ingreso alto,2010,2650000000000.0,2645187.882,1.949437623,
919,3957,FRA,Western Europe,no data,France,Ingreso alto,2011,2870000000000.0,2865157.542,2.192700633,
920,3958,FRA,Western Europe,no data,France,Ingreso alto,2012,2680000000000.0,2683671.717,0.313134751,
921,3959,FRA,Western Europe,no data,France,Ingreso alto,2013,2810000000000.0,2811876.903,0.576326675,
922,3960,FRA,Western Europe,no data,France,Ingreso alto,2014,2860000000000.0,2855964.489,0.956183052,
923,3961,FRA,Western Europe,no data,France,Ingreso alto,2015,2440000000000.0,2439188.643,1.112912341,
924,3962,FRA,Western Europe,no data,France,Ingreso alto,2016,2470000000000.0,2472964.345,1.095464404,
925,3963,FRA,Western Europe,no data,France,Ingreso alto,2017,2600000000000.0,2595151.045,2.291419994,
926,3964,FRA,Western Europe,no data,France,Ingreso alto,2018,2790000000000.0,2790956.879,1.865066071,
927,3965,FRA,Western Europe,no data,France,Ingreso alto,2019,2730000000000.0,2728870.247,1.842971814,
970,4194,GBR,Northern Europe,no data,United Kingdom,Ingreso alto,2000,1670000000000.0,1666126.494,4.092653478,
971,4195,GBR,Northern Europe,no data,United Kingdom,Ingreso alto,2001,1650000000000.0,1648658.414,2.157428178,
972,4196,GBR,Northern Europe,no data,United Kingdom,Ingreso alto,2002,1790000000000.0,1785843.825,1.770765299,
973,4197,GBR,Northern Europe,no data,United Kingdom,Ingreso alto,2003,2060000000000.0,2056612.245,3.123053313,
974,4198,GBR,Northern Europe,no data,United Kingdom,Ingreso alto,2004,2420000000000.0,2422958.623,2.344971482,
975,4199,GBR,Northern Europe,no data,United Kingdom,Ingreso alto,2005,2540000000000.0,2544805.455,2.668337657,
976,4200,GBR,Northern Europe,no data,United Kingdom,Ingreso alto,2006,2710000000000.0,2709911.684,2.160405321,
977,4201,GBR,Northern Europe,no data,United Kingdom,Ingreso alto,2007,3090000000000.0,3092821.128,2.563460461,
978,4202,GBR,Northern Europe,no data,United Kingdom,Ingreso alto,2008,2930000000000.0,2931501.838,-0.154344315,
979,4203,GBR,Northern Europe,no data,United Kingdom,Ingreso alto,2009,2420000000000.0,2417638.261,-4.5104856,
980,4204,GBR,Northern Europe,no data,United Kingdom,Ingreso alto,2010,2490000000000.0,2491397.494,2.430072895,
981,4205,GBR,Northern Europe,no data,United Kingdom,Ingreso alto,2011,2670000000000.0,2666403.005,1.067610914,
982,4206,GBR,Northern Europe,no data,United Kingdom,Ingreso alto,2012,2710000000000.0,2706340.967,1.448456757,
983,4207,GBR,Northern Europe,no data,United Kingdom,Ingreso alto,2013,2790000000000.0,2786315.215,1.819863375,
984,4208,GBR,Northern Europe,no data,United Kingdom,Ingreso alto,2014,3070000000000.0,3065223.28,3.199702626,
985,4209,GBR,Northern Europe,no data,United Kingdom,Ingreso alto,2015,2930000000000.0,2934857.946,2.393103184,
986,4210,GBR,Northern Europe,no data,United Kingdom,Ingreso alto,2016,2700000000000.0,2699659.681,2.165206211,
987,4211,GBR,Northern Europe,no data,United Kingdom,Ingreso alto,2017,2680000000000.0,2683399.007,2.44357047,
988,4212,GBR,Northern Europe,no data,United Kingdom,Ingreso alto,2018,2880000000000.0,2878152.147,1.705021022,
989,4213,GBR,Northern Europe,no data,United Kingdom,Ingreso alto,2019,2860000000000.0,2857057.848,1.604308648,
1032,4690,GRC,Southern Europe,no data,Greece,Ingreso alto,2000,130000000000.0,130457.7566,3.919770717,
1033,4691,GRC,Southern Europe,no data,Greece,Ingreso alto,2001,136000000000.0,136309.2952,4.131612253,
1034,4692,GRC,Southern Europe,no data,Greece,Ingreso alto,2002,155000000000.0,154564.2036,3.922871653,
1035,4693,GRC,Southern Europe,no data,Greece,Ingreso alto,2003,202000000000.0,202370.1402,5.794531473,
1036,4694,GRC,Southern Europe,no data,Greece,Ingreso alto,2004,241000000000.0,240963.5622,5.060992204,
1037,4695,GRC,Southern Europe,no data,Greece,Ingreso alto,2005,248000000000.0,247875.4222,0.599142189,
1038,4696,GRC,Southern Europe,no data,Greece,Ingreso alto,2006,274000000000.0,273546.7285,5.652433622,
1039,4697,GRC,Southern Europe,no data,Greece,Ingreso alto,2007,319000000000.0,318902.8296,3.273746904,
1040,4698,GRC,Southern Europe,no data,Greece,Ingreso alto,2008,356000000000.0,355908.6895,-0.335172342,
1041,4699,GRC,Southern Europe,no data,Greece,Ingreso alto,2009,331000000000.0,331308.5003,-4.300733673,
1042,4700,GRC,Southern Europe,no data,Greece,Ingreso alto,2010,297000000000.0,297124.962,-5.478217742,
1043,4701,GRC,Southern Europe,no data,Greece,Ingreso alto,2011,283000000000.0,282995.942,-10.14931483,
1044,4702,GRC,Southern Europe,no data,Greece,Ingreso alto,2012,242000000000.0,242029.3071,-7.086696786,
1045,4703,GRC,Southern Europe,no data,Greece,Ingreso alto,2013,239000000000.0,238907.6901,-2.515997222,
1046,4704,GRC,Southern Europe,no data,Greece,Ingreso alto,2014,235000000000.0,235458.1331,0.475695947,
1047,4705,GRC,Southern Europe,no data,Greece,Ingreso alto,2015,196000000000.0,195683.527,-0.19608763,
1048,4706,GRC,Southern Europe,no data,Greece,Ingreso alto,2016,193000000000.0,193148.1466,-0.487173294,
1049,4707,GRC,Southern Europe,no data,Greece,Ingreso alto,2017,200000000000.0,199844.406,1.09214912,
1050,4708,GRC,Southern Europe,no data,Greece,Ingreso alto,2018,212000000000.0,212049.4472,1.668428636,
1051,4709,GRC,Southern Europe,no data,Greece,Ingreso alto,2019,205000000000.0,205257.0149,1.884341785,
1094,5186,HRV,Southern Europe,no data,Croatia,Ingreso alto,2000,21807856145.0,21807.85615,2.864066947,
1095,5187,HRV,Southern Europe,no data,Croatia,Ingreso alto,2001,23259567778.0,23259.56778,3.074727625,
1096,5188,HRV,Southern Europe,no data,Croatia,Ingreso alto,2002,27085262279.0,27085.26228,5.763535148,
1097,5189,HRV,Southern Europe,no data,Croatia,Ingreso alto,2003,35022903387.0,35022.90339,5.563735935,
1098,5190,HRV,Southern Europe,no data,Croatia,Ingreso alto,2004,42013459302.0,42013.4593,4.154144175,
1099,5191,HRV,Southern Europe,no data,Croatia,Ingreso alto,2005,45835098188.0,45835.09819,4.262862934,
1100,5192,HRV,Southern Europe,no data,Croatia,Ingreso alto,2006,50915016294.0,50915.01629,4.886938071,
1101,5193,HRV,Southern Europe,no data,Croatia,Ingreso alto,2007,60641942979.0,60641.94298,5.00111243,
1102,5194,HRV,Southern Europe,no data,Croatia,Ingreso alto,2008,70943300079.0,70943.30008,2.001864021,
1103,5195,HRV,Southern Europe,no data,Croatia,Ingreso alto,2009,63324394634.0,63324.39463,-7.193444759,
1104,5196,HRV,Southern Europe,no data,Croatia,Ingreso alto,2010,60672093865.0,60672.09386,-1.223779482,
1105,5197,HRV,Southern Europe,no data,Croatia,Ingreso alto,2011,63408294943.0,63408.29494,-0.086613779,
1106,5198,HRV,Southern Europe,no data,Croatia,Ingreso alto,2012,57369359295.0,57369.3593,-2.331661645,
1107,5199,HRV,Southern Europe,no data,Croatia,Ingreso alto,2013,59032066092.0,59032.06609,-0.397827665,
1108,5200,HRV,Southern Europe,no data,Croatia,Ingreso alto,2014,58423981441.0,58423.98144,-0.429360586,
1109,5201,HRV,Southern Europe,no data,Croatia,Ingreso alto,2015,50242783066.0,50242.78307,2.522292277,
1110,5202,HRV,Southern Europe,no data,Croatia,Ingreso alto,2016,52397494687.0,52397.49469,3.559359482,
1111,5203,HRV,Southern Europe,no data,Croatia,Ingreso alto,2017,56323836170.0,56323.83617,3.412467822,
1112,5204,HRV,Southern Europe,no data,Croatia,Ingreso alto,2018,62316840750.0,62316.84075,2.800676199,
1113,5205,HRV,Southern Europe,no data,Croatia,Ingreso alto,2019,62327983580.0,62327.98358,3.42100553,
1156,5310,HUN,Eastern Europe,no data,Hungary,Ingreso alto,2000,47218405892.0,47218.40589,4.479194732,
1157,5311,HUN,Eastern Europe,no data,Hungary,Ingreso alto,2001,53749989092.0,53749.98909,4.074088033,
1158,5312,HUN,Eastern Europe,no data,Hungary,Ingreso alto,2002,67608919144.0,67608.91914,4.741286546,
1159,5313,HUN,Eastern Europe,no data,Hungary,Ingreso alto,2003,85285062818.0,85285.06282,4.074249746,
1160,5314,HUN,Eastern Europe,no data,Hungary,Ingreso alto,2004,104000000000.0,104120.8203,5.004620692,
1161,5315,HUN,Eastern Europe,no data,Hungary,Ingreso alto,2005,113000000000.0,113211.1583,4.29427761,
1162,5316,HUN,Eastern Europe,no data,Hungary,Ingreso alto,2006,116000000000.0,115715.6186,3.94606688,
1163,5317,HUN,Eastern Europe,no data,Hungary,Ingreso alto,2007,140000000000.0,140186.7167,0.277372772,
1164,5318,HUN,Eastern Europe,no data,Hungary,Ingreso alto,2008,158000000000.0,158325.6146,1.003943029,
1165,5319,HUN,Eastern Europe,no data,Hungary,Ingreso alto,2009,131000000000.0,131069.2556,-6.597867219,
1166,5320,HUN,Eastern Europe,no data,Hungary,Ingreso alto,2010,132000000000.0,132175.35,1.076254043,
1167,5321,HUN,Eastern Europe,no data,Hungary,Ingreso alto,2011,142000000000.0,141942.2646,1.866837475,
1168,5322,HUN,Eastern Europe,no data,Hungary,Ingreso alto,2012,129000000000.0,128814.2793,-1.250226023,
1169,5323,HUN,Eastern Europe,no data,Hungary,Ingreso alto,2013,136000000000.0,135684.3157,1.802522101,
1170,5324,HUN,Eastern Europe,no data,Hungary,Ingreso alto,2014,141000000000.0,141033.8433,4.232209806,
1171,5325,HUN,Eastern Europe,no data,Hungary,Ingreso alto,2015,125000000000.0,125174.167,3.707315979,
1172,5326,HUN,Eastern Europe,no data,Hungary,Ingreso alto,2016,129000000000.0,128609.8228,2.201001893,
1173,5327,HUN,Eastern Europe,no data,Hungary,Ingreso alto,2017,143000000000.0,143112.196,4.271976016,
1174,5328,HUN,Eastern Europe,no data,Hungary,Ingreso alto,2018,161000000000.0,160564.629,5.362332259,
1175,5329,HUN,Eastern Europe,no data,Hungary,Ingreso alto,2019,164000000000.0,163988.5949,4.85779236,
1218,5558,IRL,Northern Europe,no data,Ireland,Ingreso alto,2000,100000000000.0,100207.6104,9.403524642,
1219,5559,IRL,Northern Europe,no data,Ireland,Ingreso alto,2001,109000000000.0,109346.6692,5.305820912,
1220,5560,IRL,Northern Europe,no data,Ireland,Ingreso alto,2002,129000000000.0,128596.0353,5.899365761,
1221,5561,IRL,Northern Europe,no data,Ireland,Ingreso alto,2003,165000000000.0,164670.7713,3.013838079,
1222,5562,IRL,Northern Europe,no data,Ireland,Ingreso alto,2004,194000000000.0,194372.115,6.788140204,
1223,5563,IRL,Northern Europe,no data,Ireland,Ingreso alto,2005,212000000000.0,211876.9897,5.739782169,
1224,5564,IRL,Northern Europe,no data,Ireland,Ingreso alto,2006,232000000000.0,232180.6172,4.987853473,
1225,5565,IRL,Northern Europe,no data,Ireland,Ingreso alto,2007,270000000000.0,270079.2794,5.310118147,
1226,5566,IRL,Northern Europe,no data,Ireland,Ingreso alto,2008,275000000000.0,275447.4715,-4.484070492,
1227,5567,IRL,Northern Europe,no data,Ireland,Ingreso alto,2009,236000000000.0,236443.1159,-5.095782755,
1228,5568,IRL,Northern Europe,no data,Ireland,Ingreso alto,2010,222000000000.0,221913.5609,1.682971538,
1229,5569,IRL,Northern Europe,no data,Ireland,Ingreso alto,2011,239000000000.0,239003.1322,0.833830149,
1230,5570,IRL,Northern Europe,no data,Ireland,Ingreso alto,2012,226000000000.0,225628.6997,-0.005542011,
1231,5571,IRL,Northern Europe,no data,Ireland,Ingreso alto,2013,238000000000.0,238340.8599,1.125689646,
1232,5572,IRL,Northern Europe,no data,Ireland,Ingreso alto,2014,259000000000.0,259170.9036,8.649350608,
1233,5573,IRL,Northern Europe,no data,Ireland,Ingreso alto,2015,292000000000.0,291775.1665,24.37044535,
1234,5574,IRL,Northern Europe,no data,Ireland,Ingreso alto,2016,299000000000.0,299091.1275,2.006654115,
1235,5575,IRL,Northern Europe,no data,Ireland,Ingreso alto,2017,336000000000.0,336377.5002,9.005342424,
1236,5576,IRL,Northern Europe,no data,Ireland,Ingreso alto,2018,386000000000.0,385736.6808,8.527541391,
1237,5577,IRL,Northern Europe,no data,Ireland,Ingreso alto,2019,399000000000.0,399321.7016,5.440937334,
1280,5744,ISL,Northern Europe,no data,Iceland,Ingreso alto,2000,9025660362.0,9025.660362,4.98504277,
1281,5745,ISL,Northern Europe,no data,Iceland,Ingreso alto,2001,8234846805.0,8234.846805,4.013497555,
1282,5746,ISL,Northern Europe,no data,Iceland,Ingreso alto,2002,9318395055.0,9318.395055,0.559519082,
1283,5747,ISL,Northern Europe,no data,Iceland,Ingreso alto,2003,11429333038.0,11429.33304,2.142688379,
1284,5748,ISL,Northern Europe,no data,Iceland,Ingreso alto,2004,13825302536.0,13825.30254,7.802399508,
1285,5749,ISL,Northern Europe,no data,Iceland,Ingreso alto,2005,16852963067.0,16852.96307,6.124438965,
1286,5750,ISL,Northern Europe,no data,Iceland,Ingreso alto,2006,17465318552.0,17465.31855,6.316993086,
1287,5751,ISL,Northern Europe,no data,Iceland,Ingreso alto,2007,21652505597.0,21652.5056,8.454860096,
1288,5752,ISL,Northern Europe,no data,Iceland,Ingreso alto,2008,18074622987.0,18074.62299,2.209496419,
1289,5753,ISL,Northern Europe,no data,Iceland,Ingreso alto,2009,13154414219.0,13154.41422,-7.66380956,
1290,5754,ISL,Northern Europe,no data,Iceland,Ingreso alto,2010,13751161918.0,13751.16192,-2.832774915,
1291,5755,ISL,Northern Europe,no data,Iceland,Ingreso alto,2011,15221622926.0,15221.62293,1.845779156,
1292,5756,ISL,Northern Europe,no data,Iceland,Ingreso alto,2012,14751508134.0,14751.50813,1.063636607,
1293,5757,ISL,Northern Europe,no data,Iceland,Ingreso alto,2013,16125060515.0,16125.06052,4.55246032,
1294,5758,ISL,Northern Europe,no data,Iceland,Ingreso alto,2014,17867662178.0,17867.66218,1.687215018,
1295,5759,ISL,Northern Europe,no data,Iceland,Ingreso alto,2015,17517210519.0,17517.21052,4.436663719,
1296,5760,ISL,Northern Europe,no data,Iceland,Ingreso alto,2016,20793168031.0,20793.16803,6.303687107,
1297,5761,ISL,Northern Europe,no data,Iceland,Ingreso alto,2017,24728285177.0,24728.28518,4.194948829,
1298,5762,ISL,Northern Europe,no data,Iceland,Ingreso alto,2018,26264127687.0,26264.12769,4.888798244,
1299,5763,ISL,Northern Europe,no data,Iceland,Ingreso alto,2019,24826102120.0,24826.10212,2.415456092,
1342,5868,ITA,Southern Europe,no data,Italy,Ingreso alto,2000,1150000000000.0,1146676.894,3.786955143,
1343,5869,ITA,Southern Europe,no data,Italy,Ingreso alto,2001,1170000000000.0,1168023.426,1.951371556,
1344,5870,ITA,Southern Europe,no data,Italy,Ingreso alto,2002,1280000000000.0,1276769.338,0.253942999,
1345,5871,ITA,Southern Europe,no data,Italy,Ingreso alto,2003,1580000000000.0,1577621.707,0.138626891,
1346,5872,ITA,Southern Europe,no data,Italy,Ingreso alto,2004,1810000000000.0,1806542.969,1.423594158,
1347,5873,ITA,Southern Europe,no data,Italy,Ingreso alto,2005,1860000000000.0,1858217.147,0.817848974,
1348,5874,ITA,Southern Europe,no data,Italy,Ingreso alto,2006,1950000000000.0,1949551.719,1.790639681,
1349,5875,ITA,Southern Europe,no data,Italy,Ingreso alto,2007,2210000000000.0,2213102.483,1.48707298,
1350,5876,ITA,Southern Europe,no data,Italy,Ingreso alto,2008,2410000000000.0,2408655.349,-0.962012841,
1351,5877,ITA,Southern Europe,no data,Italy,Ingreso alto,2009,2200000000000.0,2199928.804,-5.280937208,
1352,5878,ITA,Southern Europe,no data,Italy,Ingreso alto,2010,2140000000000.0,2136099.955,1.713295839,
1353,5879,ITA,Southern Europe,no data,Italy,Ingreso alto,2011,2290000000000.0,2294994.297,0.707333347,
1354,5880,ITA,Southern Europe,no data,Italy,Ingreso alto,2012,2090000000000.0,2086957.657,-2.980905768,
1355,5881,ITA,Southern Europe,no data,Italy,Ingreso alto,2013,2140000000000.0,2141924.094,-1.841065451,
1356,5882,ITA,Southern Europe,no data,Italy,Ingreso alto,2014,2160000000000.0,2162009.616,-0.004547542,
1357,5883,ITA,Southern Europe,no data,Italy,Ingreso alto,2015,1840000000000.0,1836637.711,0.778304351,
1358,5884,ITA,Southern Europe,no data,Italy,Ingreso alto,2016,1880000000000.0,1877071.688,1.293462732,
1359,5885,ITA,Southern Europe,no data,Italy,Ingreso alto,2017,1960000000000.0,1961796.197,1.667859041,
1360,5886,ITA,Southern Europe,no data,Italy,Ingreso alto,2018,2090000000000.0,2091932.426,0.925810941,
1361,5887,ITA,Southern Europe,no data,Italy,Ingreso alto,2019,2010000000000.0,2011302.199,0.483198317,
1404,7108,LTU,Northern Europe,no data,Lithuania,Ingreso alto,2000,11524776867.0,11524.77687,3.695525421,
1405,7109,LTU,Northern Europe,no data,Lithuania,Ingreso alto,2001,12237388002.0,12237.388,6.526108902,
1406,7110,LTU,Northern Europe,no data,Lithuania,Ingreso alto,2002,14259781159.0,14259.78116,6.751414576,
1407,7111,LTU,Northern Europe,no data,Lithuania,Ingreso alto,2003,18781721376.0,18781.72138,10.56595699,
1408,7112,LTU,Northern Europe,no data,Lithuania,Ingreso alto,2004,22627507452.0,22627.50745,6.569490118,
1409,7113,LTU,Northern Europe,no data,Lithuania,Ingreso alto,2005,26097677572.0,26097.67757,7.732367604,
1410,7114,LTU,Northern Europe,no data,Lithuania,Ingreso alto,2006,30183575104.0,30183.5751,7.414121335,
1411,7115,LTU,Northern Europe,no data,Lithuania,Ingreso alto,2007,39697891352.0,39697.89135,11.10748014,
1412,7116,LTU,Northern Europe,no data,Lithuania,Ingreso alto,2008,47797551588.0,47797.55159,2.614423033,
1413,7117,LTU,Northern Europe,no data,Lithuania,Ingreso alto,2009,37388122046.0,37388.12205,-14.83860837,
1414,7118,LTU,Northern Europe,no data,Lithuania,Ingreso alto,2010,37128694028.0,37128.69403,1.651240653,
1415,7119,LTU,Northern Europe,no data,Lithuania,Ingreso alto,2011,43535051482.0,43535.05148,6.03900816,
1416,7120,LTU,Northern Europe,no data,Lithuania,Ingreso alto,2012,42927454291.0,42927.45429,3.843864749,
1417,7121,LTU,Northern Europe,no data,Lithuania,Ingreso alto,2013,46523420074.0,46523.42007,3.550072843,
1418,7122,LTU,Northern Europe,no data,Lithuania,Ingreso alto,2014,48533659592.0,48533.65959,3.537009879,
1419,7123,LTU,Northern Europe,no data,Lithuania,Ingreso alto,2015,41435533340.0,41435.53334,2.024583955,
1420,7124,LTU,Northern Europe,no data,Lithuania,Ingreso alto,2016,43047309306.0,43047.30931,2.518828273,
1421,7125,LTU,Northern Europe,no data,Lithuania,Ingreso alto,2017,47758736932.0,47758.73693,4.282596951,
1422,7126,LTU,Northern Europe,no data,Lithuania,Ingreso alto,2018,53751411409.0,53751.41141,3.993310328,
1423,7127,LTU,Northern Europe,no data,Lithuania,Ingreso alto,2019,54751510088.0,54751.51009,4.625103139,
1466,7170,LUX,Western Europe,no data,Luxembourg,Ingreso alto,2000,21230182989.0,21230.18299,6.938130249,
1467,7171,LUX,Western Europe,no data,Luxembourg,Ingreso alto,2001,21387533703.0,21387.5337,3.074354999,
1468,7172,LUX,Western Europe,no data,Luxembourg,Ingreso alto,2002,23649833332.0,23649.83333,3.2254169,
1469,7173,LUX,Western Europe,no data,Luxembourg,Ingreso alto,2003,29667268248.0,29667.26825,2.619378579,
1470,7174,LUX,Western Europe,no data,Luxembourg,Ingreso alto,2004,35064843793.0,35064.84379,4.231891307,
1471,7175,LUX,Western Europe,no data,Luxembourg,Ingreso alto,2005,37672280120.0,37672.28012,2.482874748,
1472,7176,LUX,Western Europe,no data,Luxembourg,Ingreso alto,2006,42910146296.0,42910.1463,6.016715044,
1473,7177,LUX,Western Europe,no data,Luxembourg,Ingreso alto,2007,51587401416.0,51587.40142,8.098667607,
1474,7178,LUX,Western Europe,no data,Luxembourg,Ingreso alto,2008,58844277702.0,58844.2777,-0.300176194,
1475,7179,LUX,Western Europe,no data,Luxembourg,Ingreso alto,2009,54467289898.0,54467.2899,-3.238954027,
1476,7180,LUX,Western Europe,no data,Luxembourg,Ingreso alto,2010,56213985987.0,56213.98599,3.760413593,
1477,7181,LUX,Western Europe,no data,Luxembourg,Ingreso alto,2011,61696281326.0,61696.28133,1.044298695,
1478,7182,LUX,Western Europe,no data,Luxembourg,Ingreso alto,2012,59776383527.0,59776.38353,1.64990203,
1479,7183,LUX,Western Europe,no data,Luxembourg,Ingreso alto,2013,65203276467.0,65203.27647,3.171790499,
1480,7184,LUX,Western Europe,no data,Luxembourg,Ingreso alto,2014,68804811898.0,68804.8119,2.623086016,
1481,7185,LUX,Western Europe,no data,Luxembourg,Ingreso alto,2015,60071584216.0,60071.58422,2.269784484,
1482,7186,LUX,Western Europe,no data,Luxembourg,Ingreso alto,2016,62216885436.0,62216.88544,4.978190437,
1483,7187,LUX,Western Europe,no data,Luxembourg,Ingreso alto,2017,65712180343.0,65712.18034,1.317187663,
1484,7188,LUX,Western Europe,no data,Luxembourg,Ingreso alto,2018,71000359760.0,71000.35976,1.219321919,
1485,7189,LUX,Western Europe,no data,Luxembourg,Ingreso alto,2019,69825641851.0,69825.64185,2.319925201,
1528,7232,LVA,Northern Europe,no data,Latvia,Ingreso alto,2000,7958852839.0,7958.852839,5.675741312,
1529,7233,LVA,Northern Europe,no data,Latvia,Ingreso alto,2001,8362398702.0,8362.398702,6.323508159,
1530,7234,LVA,Northern Europe,no data,Latvia,Ingreso alto,2002,9557031605.0,9557.031605,7.088128657,
1531,7235,LVA,Northern Europe,no data,Latvia,Ingreso alto,2003,11771975157.0,11771.97516,8.422862207,
1532,7236,LVA,Northern Europe,no data,Latvia,Ingreso alto,2004,14435700533.0,14435.70053,8.284145978,
1533,7237,LVA,Northern Europe,no data,Latvia,Ingreso alto,2005,17003459863.0,17003.45986,10.72036596,
1534,7238,LVA,Northern Europe,no data,Latvia,Ingreso alto,2006,21570076499.0,21570.0765,11.97183569,
1535,7239,LVA,Northern Europe,no data,Latvia,Ingreso alto,2007,31054350978.0,31054.35098,9.941921628,
1536,7240,LVA,Northern Europe,no data,Latvia,Ingreso alto,2008,35854274229.0,35854.27423,-3.249120723,
1537,7241,LVA,Northern Europe,no data,Latvia,Ingreso alto,2009,26410909091.0,26410.90909,-14.26014004,
1538,7242,LVA,Northern Europe,no data,Latvia,Ingreso alto,2010,23956163077.0,23956.16308,-4.45556726,
1539,7243,LVA,Northern Europe,no data,Latvia,Ingreso alto,2011,27474380566.0,27474.38057,2.573712363,
1540,7244,LVA,Northern Europe,no data,Latvia,Ingreso alto,2012,28169902669.0,28169.90267,7.042247161,
1541,7245,LVA,Northern Europe,no data,Latvia,Ingreso alto,2013,30204783462.0,30204.78346,2.007966879,
1542,7246,LVA,Northern Europe,no data,Latvia,Ingreso alto,2014,31386896487.0,31386.89649,1.902172684,
1543,7247,LVA,Northern Europe,no data,Latvia,Ingreso alto,2015,27263090547.0,27263.09055,3.885260054,
1544,7248,LVA,Northern Europe,no data,Latvia,Ingreso alto,2016,28083597512.0,28083.59751,2.368614747,
1545,7249,LVA,Northern Europe,no data,Latvia,Ingreso alto,2017,30483806018.0,30483.80602,3.312475936,
1546,7250,LVA,Northern Europe,no data,Latvia,Ingreso alto,2018,34429023435.0,34429.02344,3.991854505,
1547,7251,LVA,Northern Europe,no data,Latvia,Ingreso alto,2019,34343961073.0,34343.96107,2.569703888,
1590,7542,MDA,Eastern Europe,no data,Moldova, Republic of,2000,1288429392.0,1288.429392,2.107716048,
1591,7543,MDA,Eastern Europe,no data,Moldova, Republic of,2001,1480673594.0,1480.673594,6.100000413,
1592,7544,MDA,Eastern Europe,no data,Moldova, Republic of,2002,1661818168.0,1661.818168,7.799999641,
1593,7545,MDA,Eastern Europe,no data,Moldova, Republic of,2003,1980907435.0,1980.907435,6.600000038,
1594,7546,MDA,Eastern Europe,no data,Moldova, Republic of,2004,2598249556.0,2598.249556,7.39999969,
1595,7547,MDA,Eastern Europe,no data,Moldova, Republic of,2005,2988348836.0,2988.348836,7.500000139,
1596,7548,MDA,Eastern Europe,no data,Moldova, Republic of,2006,3408244549.0,3408.244549,4.79999985,
1597,7549,MDA,Eastern Europe,no data,Moldova, Republic of,2007,4401189466.0,4401.189466,3.00000024,
1598,7550,MDA,Eastern Europe,no data,Moldova, Republic of,2008,6054849885.0,6054.849885,7.800000145,
1599,7551,MDA,Eastern Europe,no data,Moldova, Republic of,2009,5439422031.0,5439.422031,-6.000000289,
1600,7552,MDA,Eastern Europe,no data,Moldova, Republic of,2010,6974982393.0,6974.982393,7.100000084,
1601,7553,MDA,Eastern Europe,no data,Moldova, Republic of,2011,8414351672.0,8414.351672,5.818166219,
1602,7554,MDA,Eastern Europe,no data,Moldova, Republic of,2012,8709138765.0,8709.138765,-0.589733963,
1603,7555,MDA,Eastern Europe,no data,Moldova, Republic of,2013,9496717702.0,9496.717702,9.04386557,
1604,7556,MDA,Eastern Europe,no data,Moldova, Republic of,2014,9510198962.0,9510.198962,4.999625923,
1605,7557,MDA,Eastern Europe,no data,Moldova, Republic of,2015,7745241913.0,7745.241913,-0.338235559,
1606,7558,MDA,Eastern Europe,no data,Moldova, Republic of,2016,8071469355.0,8071.469355,4.408886709,
1607,7559,MDA,Eastern Europe,no data,Moldova, Republic of,2017,9669741744.0,9669.741744,4.690793676,
1608,7560,MDA,Eastern Europe,no data,Moldova, Republic of,2018,11457443185.0,11457.44319,4.301477757,
1609,7561,MDA,Eastern Europe,no data,Moldova, Republic of,2019,11971345003.0,11971.345,3.683403898,
1652,7852,MKD,Southern Europe,no data,Macedonia,Ingreso mediano alto,2000,3772857145.0,3772.857145,4.549135783,
1653,7853,MKD,Southern Europe,no data,Macedonia,Ingreso mediano alto,2001,3709637830.0,3709.63783,-3.067256625,
1654,7854,MKD,Southern Europe,no data,Macedonia,Ingreso mediano alto,2002,4018365247.0,4018.365247,1.493665472,
1655,7855,MKD,Southern Europe,no data,Macedonia,Ingreso mediano alto,2003,4946292775.0,4946.292775,2.222601657,
1656,7856,MKD,Southern Europe,no data,Macedonia,Ingreso mediano alto,2004,5682788267.0,5682.788267,4.67408958,
1657,7857,MKD,Southern Europe,no data,Macedonia,Ingreso mediano alto,2005,6258600714.0,6258.600714,4.724088642,
1658,7858,MKD,Southern Europe,no data,Macedonia,Ingreso mediano alto,2006,6861222332.0,6861.222332,5.137025162,
1659,7859,MKD,Southern Europe,no data,Macedonia,Ingreso mediano alto,2007,8336478142.0,8336.478142,6.473486858,
1660,7860,MKD,Southern Europe,no data,Macedonia,Ingreso mediano alto,2008,9909548411.0,9909.548411,5.47200139,
1661,7861,MKD,Southern Europe,no data,Macedonia,Ingreso mediano alto,2009,9401731496.0,9401.731496,-0.358614857,
1662,7862,MKD,Southern Europe,no data,Macedonia,Ingreso mediano alto,2010,9407168702.0,9407.168702,3.358750858,
1663,7863,MKD,Southern Europe,no data,Macedonia,Ingreso mediano alto,2011,10494632699.0,10494.6327,2.339886045,
1664,7864,MKD,Southern Europe,no data,Macedonia,Ingreso mediano alto,2012,9745251126.0,9745.251126,-0.456183224,
1665,7865,MKD,Southern Europe,no data,Macedonia,Ingreso mediano alto,2013,10817712139.0,10817.71214,2.925257665,
1666,7866,MKD,Southern Europe,no data,Macedonia,Ingreso mediano alto,2014,11362272838.0,11362.27284,3.629123513,
1667,7867,MKD,Southern Europe,no data,Macedonia,Ingreso mediano alto,2015,10064515432.0,10064.51543,3.85586514,
1668,7868,MKD,Southern Europe,no data,Macedonia,Ingreso mediano alto,2016,10672471861.0,10672.47186,2.848205194,
1669,7869,MKD,Southern Europe,no data,Macedonia,Ingreso mediano alto,2017,11307058382.0,11307.05838,1.081772738,
1670,7870,MKD,Southern Europe,no data,Macedonia,Ingreso mediano alto,2018,12683070061.0,12683.07006,2.88059671,
1671,7871,MKD,Southern Europe,no data,Macedonia,Ingreso mediano alto,2019,12606338449.0,12606.33845,3.910419538,
1714,8100,MNE,Southern Europe,no data,Montenegro,Ingreso mediano alto,2000,984297589.4,984.2975894,3.100000059,
1715,8101,MNE,Southern Europe,no data,Montenegro,Ingreso mediano alto,2001,1159869246.0,1159.869246,1.099838709,
1716,8102,MNE,Southern Europe,no data,Montenegro,Ingreso mediano alto,2002,1284685051.0,1284.685051,1.903936733,
1717,8103,MNE,Southern Europe,no data,Montenegro,Ingreso mediano alto,2003,1707710053.0,1707.710053,2.482659229,
1718,8104,MNE,Southern Europe,no data,Montenegro,Ingreso mediano alto,2004,2073234418.0,2073.234418,4.426050717,
1719,8105,MNE,Southern Europe,no data,Montenegro,Ingreso mediano alto,2005,2257174481.0,2257.174481,4.180604509,
1720,8106,MNE,Southern Europe,no data,Montenegro,Ingreso mediano alto,2006,2721903149.0,2721.903149,8.56641803,
1721,8107,MNE,Southern Europe,no data,Montenegro,Ingreso mediano alto,2007,3680711744.0,3680.711744,6.810150125,
1722,8108,MNE,Southern Europe,no data,Montenegro,Ingreso mediano alto,2008,4545674528.0,4545.674528,7.222752592,
1723,8109,MNE,Southern Europe,no data,Montenegro,Ingreso mediano alto,2009,4159330370.0,4159.33037,-5.795096995,
1724,8110,MNE,Southern Europe,no data,Montenegro,Ingreso mediano alto,2010,4143033276.0,4143.033276,2.734331082,
1725,8111,MNE,Southern Europe,no data,Montenegro,Ingreso mediano alto,2011,4544516982.0,4544.516982,3.228451021,
1726,8112,MNE,Southern Europe,no data,Montenegro,Ingreso mediano alto,2012,4087725813.0,4087.725813,-2.723790771,
1727,8113,MNE,Southern Europe,no data,Montenegro,Ingreso mediano alto,2013,4466039315.0,4466.039315,3.548979912,
1728,8114,MNE,Southern Europe,no data,Montenegro,Ingreso mediano alto,2014,4594024180.0,4594.02418,1.783698581,
1729,8115,MNE,Southern Europe,no data,Montenegro,Ingreso mediano alto,2015,4054712083.0,4054.712083,3.390381397,
1730,8116,MNE,Southern Europe,no data,Montenegro,Ingreso mediano alto,2016,4377033429.0,4377.033429,2.949280321,
1731,8117,MNE,Southern Europe,no data,Montenegro,Ingreso mediano alto,2017,4856632399.0,4856.632399,4.716465276,
1732,8118,MNE,Southern Europe,no data,Montenegro,Ingreso mediano alto,2018,5506766651.0,5506.766651,5.077888811,
1733,8119,MNE,Southern Europe,no data,Montenegro,Ingreso mediano alto,2019,5542053845.0,5542.053845,4.062944992,
1776,8906,NLD,Western Europe,no data,Netherlands,Ingreso alto,2000,417000000000.0,417479.3374,4.195642498,
1777,8907,NLD,Western Europe,no data,Netherlands,Ingreso alto,2001,432000000000.0,431586.8524,2.326955087,
1778,8908,NLD,Western Europe,no data,Netherlands,Ingreso alto,2002,474000000000.0,473861.9801,0.217273595,
1779,8909,NLD,Western Europe,no data,Netherlands,Ingreso alto,2003,580000000000.0,580070.3607,0.155645898,
1780,8910,NLD,Western Europe,no data,Netherlands,Ingreso alto,2004,658000000000.0,658380.0815,1.984945714,
1781,8911,NLD,Western Europe,no data,Netherlands,Ingreso alto,2005,685000000000.0,685348.1815,2.050876108,
1782,8912,NLD,Western Europe,no data,Netherlands,Ingreso alto,2006,734000000000.0,733955.2699,3.460988954,
1783,8913,NLD,Western Europe,no data,Netherlands,Ingreso alto,2007,849000000000.0,848558.8875,3.772842521,
1784,8914,NLD,Western Europe,no data,Netherlands,Ingreso alto,2008,952000000000.0,951869.9979,2.170324851,
1785,8915,NLD,Western Europe,no data,Netherlands,Ingreso alto,2009,872000000000.0,871518.638,-3.666883937,
1786,8916,NLD,Western Europe,no data,Netherlands,Ingreso alto,2010,847000000000.0,847380.859,1.342739336,
1787,8917,NLD,Western Europe,no data,Netherlands,Ingreso alto,2011,905000000000.0,905270.6263,1.551189312,
1788,8918,NLD,Western Europe,no data,Netherlands,Ingreso alto,2012,839000000000.0,838923.3199,-1.030353991,
1789,8919,NLD,Western Europe,no data,Netherlands,Ingreso alto,2013,877000000000.0,877172.8245,-0.130175288,
1790,8920,NLD,Western Europe,no data,Netherlands,Ingreso alto,2014,892000000000.0,892167.9867,1.423395395,
1791,8921,NLD,Western Europe,no data,Netherlands,Ingreso alto,2015,766000000000.0,765572.7706,1.959169721,
1792,8922,NLD,Western Europe,no data,Netherlands,Ingreso alto,2016,784000000000.0,784060.4302,2.191713719,
1793,8923,NLD,Western Europe,no data,Netherlands,Ingreso alto,2017,834000000000.0,833869.6417,2.910902513,
1794,8924,NLD,Western Europe,no data,Netherlands,Ingreso alto,2018,914000000000.0,914043.4382,2.360915095,
1795,8925,NLD,Western Europe,no data,Netherlands,Ingreso alto,2019,910000000000.0,910194.3476,1.955588416,
1838,8968,NOR,Northern Europe,no data,Norway,Ingreso alto,2000,171000000000.0,171247.1313,3.204979222,
1839,8969,NOR,Northern Europe,no data,Norway,Ingreso alto,2001,174000000000.0,173972.2188,2.074790394,
1840,8970,NOR,Northern Europe,no data,Norway,Ingreso alto,2002,196000000000.0,195524.1865,1.44625414,
1841,8971,NOR,Northern Europe,no data,Norway,Ingreso alto,2003,229000000000.0,228858.5068,0.910105664,
1842,8972,NOR,Northern Europe,no data,Norway,Ingreso alto,2004,265000000000.0,264511.6307,3.96941456,
1843,8973,NOR,Northern Europe,no data,Norway,Ingreso alto,2005,309000000000.0,308884.2841,2.625419938,
1844,8974,NOR,Northern Europe,no data,Norway,Ingreso alto,2006,346000000000.0,345581.37,2.399828426,
1845,8975,NOR,Northern Europe,no data,Norway,Ingreso alto,2007,401000000000.0,400937.1002,2.994287714,
1846,8976,NOR,Northern Europe,no data,Norway,Ingreso alto,2008,462000000000.0,462250.0,0.476345013,
1847,8977,NOR,Northern Europe,no data,Norway,Ingreso alto,2009,386000000000.0,386190.3853,-1.727020309,
1848,8978,NOR,Northern Europe,no data,Norway,Ingreso alto,2010,429000000000.0,428757.0385,0.701833824,
1849,8979,NOR,Northern Europe,no data,Norway,Ingreso alto,2011,498000000000.0,498283.4385,0.981434479,
1850,8980,NOR,Northern Europe,no data,Norway,Ingreso alto,2012,510000000000.0,509506.3171,2.703109471,
1851,8981,NOR,Northern Europe,no data,Norway,Ingreso alto,2013,523000000000.0,522761.5319,1.034072914,
1852,8982,NOR,Northern Europe,no data,Norway,Ingreso alto,2014,498000000000.0,498410.0503,1.969544301,
1853,8983,NOR,Northern Europe,no data,Norway,Ingreso alto,2015,386000000000.0,385801.5501,1.967128438,
1854,8984,NOR,Northern Europe,no data,Norway,Ingreso alto,2016,369000000000.0,368827.1429,1.071558977,
1855,8985,NOR,Northern Europe,no data,Norway,Ingreso alto,2017,398000000000.0,398393.9553,2.323290208,
1856,8986,NOR,Northern Europe,no data,Norway,Ingreso alto,2018,437000000000.0,436999.6926,1.118828479,
1857,8987,NOR,Northern Europe,no data,Norway,Ingreso alto,2019,405000000000.0,404941.3636,0.745798219,
1900,9650,POL,Eastern Europe,no data,Poland,Ingreso alto,2000,172000000000.0,172219.4611,4.56098541,
1901,9651,POL,Eastern Europe,no data,Poland,Ingreso alto,2001,191000000000.0,190905.4935,1.258569461,
1902,9652,POL,Eastern Europe,no data,Poland,Ingreso alto,2002,199000000000.0,199072.0588,2.035863041,
1903,9653,POL,Eastern Europe,no data,Poland,Ingreso alto,2003,218000000000.0,217827.2608,3.498391213,
1904,9654,POL,Eastern Europe,no data,Poland,Ingreso alto,2004,255000000000.0,255110.1815,4.98284457,
1905,9655,POL,Eastern Europe,no data,Poland,Ingreso alto,2005,306000000000.0,306144.3363,3.506834614,
1906,9656,POL,Eastern Europe,no data,Poland,Ingreso alto,2006,345000000000.0,344622.0031,6.131136459,
1907,9657,POL,Eastern Europe,no data,Poland,Ingreso alto,2007,429000000000.0,429028.5054,7.061534634,
1908,9658,POL,Eastern Europe,no data,Poland,Ingreso alto,2008,534000000000.0,533609.0819,4.199981264,
1909,9659,POL,Eastern Europe,no data,Poland,Ingreso alto,2009,440000000000.0,439737.5084,2.832184053,
1910,9660,POL,Eastern Europe,no data,Poland,Ingreso alto,2010,476000000000.0,475696.6139,2.934638181,
1911,9661,POL,Eastern Europe,no data,Poland,Ingreso alto,2011,524000000000.0,524382.6785,5.042187883,
1912,9662,POL,Eastern Europe,no data,Poland,Ingreso alto,2012,495000000000.0,495236.9108,1.545221571,
1913,9663,POL,Eastern Europe,no data,Poland,Ingreso alto,2013,516000000000.0,515764.7282,0.856557081,
1914,9664,POL,Eastern Europe,no data,Poland,Ingreso alto,2014,539000000000.0,539087.6526,3.836958494,
1915,9665,POL,Eastern Europe,no data,Poland,Ingreso alto,2015,477000000000.0,477111.288,4.383298635,
1916,9666,POL,Eastern Europe,no data,Poland,Ingreso alto,2016,470000000000.0,470022.5728,2.953508842,
1917,9667,POL,Eastern Europe,no data,Poland,Ingreso alto,2017,525000000000.0,524645.8339,5.140017574,
1918,9668,POL,Eastern Europe,no data,Poland,Ingreso alto,2018,589000000000.0,588782.5678,5.945208477,
1919,9669,POL,Eastern Europe,no data,Poland,Ingreso alto,2019,596000000000.0,596054.5919,4.449987879,
1962,9836,PRT,Southern Europe,no data,Portugal,Ingreso alto,2000,119000000000.0,118605.1929,3.816178063,
1963,9837,PRT,Southern Europe,no data,Portugal,Ingreso alto,2001,122000000000.0,121604.1072,1.943672296,
1964,9838,PRT,Southern Europe,no data,Portugal,Ingreso alto,2002,135000000000.0,134795.5655,0.770924024,
1965,9839,PRT,Southern Europe,no data,Portugal,Ingreso alto,2003,165000000000.0,165226.1755,-0.930521193,
1966,9840,PRT,Southern Europe,no data,Portugal,Ingreso alto,2004,189000000000.0,189382.1225,1.788735682,
1967,9841,PRT,Southern Europe,no data,Portugal,Ingreso alto,2005,197000000000.0,197253.8767,0.781848216,
1968,9842,PRT,Southern Europe,no data,Portugal,Ingreso alto,2006,209000000000.0,208756.4493,1.625034176,
1969,9843,PRT,Southern Europe,no data,Portugal,Ingreso alto,2007,240000000000.0,240496.1473,2.506579646,
1970,9844,PRT,Southern Europe,no data,Portugal,Ingreso alto,2008,263000000000.0,263416.3946,0.319247925,
1971,9845,PRT,Southern Europe,no data,Portugal,Ingreso alto,2009,245000000000.0,244667.7628,-3.12207942,
1972,9846,PRT,Southern Europe,no data,Portugal,Ingreso alto,2010,238000000000.0,238113.0032,1.737625476,
1973,9847,PRT,Southern Europe,no data,Portugal,Ingreso alto,2011,245000000000.0,245117.9902,-1.696164781,
1974,9848,PRT,Southern Europe,no data,Portugal,Ingreso alto,2012,216000000000.0,216224.2406,-4.057293608,
1975,9849,PRT,Southern Europe,no data,Portugal,Ingreso alto,2013,226000000000.0,226433.858,-0.922644675,
1976,9850,PRT,Southern Europe,no data,Portugal,Ingreso alto,2014,230000000000.0,229901.9642,0.792190302,
1977,9851,PRT,Southern Europe,no data,Portugal,Ingreso alto,2015,199000000000.0,199394.0665,1.792046046,
1978,9852,PRT,Southern Europe,no data,Portugal,Ingreso alto,2016,206000000000.0,206426.1523,2.019485396,
1979,9853,PRT,Southern Europe,no data,Portugal,Ingreso alto,2017,221000000000.0,221357.8747,3.506345285,
1980,9854,PRT,Southern Europe,no data,Portugal,Ingreso alto,2018,242000000000.0,242313.1166,2.849325934,
1981,9855,PRT,Southern Europe,no data,Portugal,Ingreso alto,2019,240000000000.0,239986.9226,2.682759921,
2024,10146,ROU,Eastern Europe,no data,Romania,Ingreso alto,2000,37253259017.0,37253.25902,2.461263459,
2025,10147,ROU,Eastern Europe,no data,Romania,Ingreso alto,2001,40394824679.0,40394.82468,5.218136257,
2026,10148,ROU,Eastern Europe,no data,Romania,Ingreso alto,2002,46066101951.0,46066.10195,5.70299165,
2027,10149,ROU,Eastern Europe,no data,Romania,Ingreso alto,2003,57806506024.0,57806.50602,2.341147329,
2028,10150,ROU,Eastern Europe,no data,Romania,Ingreso alto,2004,74972669057.0,74972.66906,10.42811302,
2029,10151,ROU,Eastern Europe,no data,Romania,Ingreso alto,2005,98452791983.0,98452.79198,4.668148051,
2030,10152,ROU,Eastern Europe,no data,Romania,Ingreso alto,2006,122000000000.0,122022.9975,8.028811076,
2031,10153,ROU,Eastern Europe,no data,Romania,Ingreso alto,2007,175000000000.0,174585.2028,7.233807744,
2032,10154,ROU,Eastern Europe,no data,Romania,Ingreso alto,2008,214000000000.0,214313.629,9.307467171,
2033,10155,ROU,Eastern Europe,no data,Romania,Ingreso alto,2009,174000000000.0,174103.6959,-5.517394408,
2034,10156,ROU,Eastern Europe,no data,Romania,Ingreso alto,2010,170000000000.0,170029.359,-3.90123628,
2035,10157,ROU,Eastern Europe,no data,Romania,Ingreso alto,2011,193000000000.0,192614.0852,4.517086964,
2036,10158,ROU,Eastern Europe,no data,Romania,Ingreso alto,2012,179000000000.0,179132.8931,1.924993262,
2037,10159,ROU,Eastern Europe,no data,Romania,Ingreso alto,2013,190000000000.0,189790.2281,0.269963879,
2038,10160,ROU,Eastern Europe,no data,Romania,Ingreso alto,2014,200000000000.0,199712.2895,4.120674963,
2039,10161,ROU,Eastern Europe,no data,Romania,Ingreso alto,2015,178000000000.0,177882.4176,3.16050387,
2040,10162,ROU,Eastern Europe,no data,Romania,Ingreso alto,2016,185000000000.0,185286.8546,2.857546057,
2041,10163,ROU,Eastern Europe,no data,Romania,Ingreso alto,2017,210000000000.0,210146.7489,8.196506503,
2042,10164,ROU,Eastern Europe,no data,Romania,Ingreso alto,2018,243000000000.0,243317.0794,6.029019041,
2043,10165,ROU,Eastern Europe,no data,Romania,Ingreso alto,2019,251000000000.0,251019.2784,3.853163833,
2086,10208,RUS,Eastern Europe,no data,Russia,Ingreso mediano alto,2000,260000000000.0,259710.1422,10.00006682,
2087,10209,RUS,Eastern Europe,no data,Russia,Ingreso mediano alto,2001,307000000000.0,306602.0706,5.100051225,
2088,10210,RUS,Eastern Europe,no data,Russia,Ingreso mediano alto,2002,345000000000.0,345470.4944,4.699991909,
2089,10211,RUS,Eastern Europe,no data,Russia,Ingreso mediano alto,2003,430000000000.0,430347.7707,7.299952345,
2090,10212,RUS,Eastern Europe,no data,Russia,Ingreso mediano alto,2004,591000000000.0,591016.6907,7.19994787,
2091,10213,RUS,Eastern Europe,no data,Russia,Ingreso mediano alto,2005,764000000000.0,764017.108,6.399965448,
2092,10214,RUS,Eastern Europe,no data,Russia,Ingreso mediano alto,2006,990000000000.0,989930.5423,8.200068255,
2093,10215,RUS,Eastern Europe,no data,Russia,Ingreso mediano alto,2007,1300000000000.0,1299705.765,8.499977768,
2094,10216,RUS,Eastern Europe,no data,Russia,Ingreso mediano alto,2008,1660000000000.0,1660846.388,5.199969265,
2095,10217,RUS,Eastern Europe,no data,Russia,Ingreso mediano alto,2009,1220000000000.0,1222644.282,-7.799993913,
2096,10218,RUS,Eastern Europe,no data,Russia,Ingreso mediano alto,2010,1520000000000.0,1524917.468,4.5,
2097,10219,RUS,Eastern Europe,no data,Russia,Ingreso mediano alto,2011,2050000000000.0,2045925.608,4.300029186,
2098,10220,RUS,Eastern Europe,no data,Russia,Ingreso mediano alto,2012,2210000000000.0,2208295.774,4.024086157,
2099,10221,RUS,Eastern Europe,no data,Russia,Ingreso mediano alto,2013,2290000000000.0,2292473.247,1.755422149,
2100,10222,RUS,Eastern Europe,no data,Russia,Ingreso mediano alto,2014,2060000000000.0,2059241.965,0.736267221,
2101,10223,RUS,Eastern Europe,no data,Russia,Ingreso mediano alto,2015,1360000000000.0,1363481.063,-1.972719226,
2102,10224,RUS,Eastern Europe,no data,Russia,Ingreso mediano alto,2016,1280000000000.0,1276786.979,0.193690072,
2103,10225,RUS,Eastern Europe,no data,Russia,Ingreso mediano alto,2017,1570000000000.0,1574199.387,1.825790064,
2104,10226,RUS,Eastern Europe,no data,Russia,Ingreso mediano alto,2018,1660000000000.0,1657329.646,2.80724541,
2105,10227,RUS,Eastern Europe,no data,Russia,Ingreso mediano alto,2019,1690000000000.0,1693113.904,2.198075714,
2148,10890,SRB,Southern Europe,no data,Serbia,Ingreso mediano alto,2000,6875845987.0,6875.845987,6.13181309,
2149,10891,SRB,Southern Europe,no data,Serbia,Ingreso mediano alto,2001,12960538724.0,12960.53872,6.878774765,
2150,10892,SRB,Southern Europe,no data,Serbia,Ingreso mediano alto,2002,17120906918.0,17120.90692,6.380405304,
2151,10893,SRB,Southern Europe,no data,Serbia,Ingreso mediano alto,2003,22482365322.0,22482.36532,4.387757023,
2152,10894,SRB,Southern Europe,no data,Serbia,Ingreso mediano alto,2004,26141968161.0,26141.96816,9.028196928,
2153,10895,SRB,Southern Europe,no data,Serbia,Ingreso mediano alto,2005,27683225959.0,27683.22596,5.530347121,
2154,10896,SRB,Southern Europe,no data,Serbia,Ingreso mediano alto,2006,32482070360.0,32482.07036,5.107790141,
2155,10897,SRB,Southern Europe,no data,Serbia,Ingreso mediano alto,2007,43170990616.0,43170.99062,6.439525554,
2156,10898,SRB,Southern Europe,no data,Serbia,Ingreso mediano alto,2008,52194221469.0,52194.22147,5.655576622,
2157,10899,SRB,Southern Europe,no data,Serbia,Ingreso mediano alto,2009,45162894381.0,45162.89438,-2.731751989,
2158,10900,SRB,Southern Europe,no data,Serbia,Ingreso mediano alto,2010,41819468692.0,41819.46869,0.731044553,
2159,10901,SRB,Southern Europe,no data,Serbia,Ingreso mediano alto,2011,49258136129.0,49258.13613,2.036276689,
2160,10902,SRB,Southern Europe,no data,Serbia,Ingreso mediano alto,2012,43309252921.0,43309.25292,-0.681542369,
2161,10903,SRB,Southern Europe,no data,Serbia,Ingreso mediano alto,2013,48394239475.0,48394.23947,2.892636734,
2162,10904,SRB,Southern Europe,no data,Serbia,Ingreso mediano alto,2014,47062206678.0,47062.20668,-1.58951032,
2163,10905,SRB,Southern Europe,no data,Serbia,Ingreso mediano alto,2015,39655958843.0,39655.95884,1.806059265,
2164,10906,SRB,Southern Europe,no data,Serbia,Ingreso mediano alto,2016,40692643373.0,40692.64337,3.338586765,
2165,10907,SRB,Southern Europe,no data,Serbia,Ingreso mediano alto,2017,44179055280.0,44179.05528,2.101163847,
2166,10908,SRB,Southern Europe,no data,Serbia,Ingreso mediano alto,2018,50640650221.0,50640.65022,4.495121293,
2167,10909,SRB,Southern Europe,no data,Serbia,Ingreso mediano alto,2019,51514222382.0,51514.22238,4.331734906,
2210,11138,SVK,Eastern Europe,no data,Slovakia,Ingreso alto,2000,29242558797.0,29242.5588,1.166526518,
2211,11139,SVK,Eastern Europe,no data,Slovakia,Ingreso alto,2001,30778781607.0,30778.78161,3.253783981,
2212,11140,SVK,Eastern Europe,no data,Slovakia,Ingreso alto,2002,35297794386.0,35297.79439,4.509444138,
2213,11141,SVK,Eastern Europe,no data,Slovakia,Ingreso alto,2003,46919965224.0,46919.96522,5.499083077,
2214,11142,SVK,Eastern Europe,no data,Slovakia,Ingreso alto,2004,57437444469.0,57437.44447,5.278880718,
2215,11143,SVK,Eastern Europe,no data,Slovakia,Ingreso alto,2005,62808723477.0,62808.72348,6.623461259,
2216,11144,SVK,Eastern Europe,no data,Slovakia,Ingreso alto,2006,70767338922.0,70767.33892,8.493176745,
2217,11145,SVK,Eastern Europe,no data,Slovakia,Ingreso alto,2007,86563986799.0,86563.9868,10.83202881,
2218,11146,SVK,Eastern Europe,no data,Slovakia,Ingreso alto,2008,101000000000.0,100879.903,5.574886345,
2219,11147,SVK,Eastern Europe,no data,Slovakia,Ingreso alto,2009,89399303222.0,89399.30322,-5.455532867,
2220,11148,SVK,Eastern Europe,no data,Slovakia,Ingreso alto,2010,91162836320.0,91162.83632,6.71663275,
2221,11149,SVK,Eastern Europe,no data,Slovakia,Ingreso alto,2011,99922685425.0,99922.68542,2.671452779,
2222,11150,SVK,Eastern Europe,no data,Slovakia,Ingreso alto,2012,94623731086.0,94623.73109,1.318802246,
2223,11151,SVK,Eastern Europe,no data,Slovakia,Ingreso alto,2013,98935222175.0,98935.22217,0.632740007,
2224,11152,SVK,Eastern Europe,no data,Slovakia,Ingreso alto,2014,101000000000.0,101437.045,2.697189807,
2225,11153,SVK,Eastern Europe,no data,Slovakia,Ingreso alto,2015,88900883131.0,88900.88313,5.167181606,
2226,11154,SVK,Eastern Europe,no data,Slovakia,Ingreso alto,2016,89952699525.0,89952.69952,1.943950861,
2227,11155,SVK,Eastern Europe,no data,Slovakia,Ingreso alto,2017,95649966261.0,95649.96626,2.938068678,
2228,11156,SVK,Eastern Europe,no data,Slovakia,Ingreso alto,2018,106000000000.0,106137.924,4.030389714,
2229,11157,SVK,Eastern Europe,no data,Slovakia,Ingreso alto,2019,106000000000.0,105720.355,2.519693137,
2272,11200,SVN,Southern Europe,no data,Slovenia,Ingreso alto,2000,20289627637.0,20289.62764,3.67237155,
2273,11201,SVN,Southern Europe,no data,Slovenia,Ingreso alto,2001,20876309970.0,20876.30997,3.216560335,
2274,11202,SVN,Southern Europe,no data,Slovenia,Ingreso alto,2002,23489890274.0,23489.89027,3.505598057,
2275,11203,SVN,Southern Europe,no data,Slovenia,Ingreso alto,2003,29634713641.0,29634.71364,2.960260286,
2276,11204,SVN,Southern Europe,no data,Slovenia,Ingreso alto,2004,34414784504.0,34414.7845,4.359192778,
2277,11205,SVN,Southern Europe,no data,Slovenia,Ingreso alto,2005,36206395971.0,36206.39597,3.797972642,
2278,11206,SVN,Southern Europe,no data,Slovenia,Ingreso alto,2006,39481045038.0,39481.04504,5.746396901,
2279,11207,SVN,Southern Europe,no data,Slovenia,Ingreso alto,2007,48067401207.0,48067.40121,6.980160755,
2280,11208,SVN,Southern Europe,no data,Slovenia,Ingreso alto,2008,55779427740.0,55779.42774,3.509841517,
2281,11209,SVN,Southern Europe,no data,Slovenia,Ingreso alto,2009,50567734886.0,50567.73489,-7.548437791,
2282,11210,SVN,Southern Europe,no data,Slovenia,Ingreso alto,2010,48208240226.0,48208.24023,1.343748472,
2283,11211,SVN,Southern Europe,no data,Slovenia,Ingreso alto,2011,51583869785.0,51583.86979,0.861327733,
2284,11212,SVN,Southern Europe,no data,Slovenia,Ingreso alto,2012,46577793184.0,46577.79318,-2.639438757,
2285,11213,SVN,Southern Europe,no data,Slovenia,Ingreso alto,2013,48415657265.0,48415.65726,-1.029282772,
2286,11214,SVN,Southern Europe,no data,Slovenia,Ingreso alto,2014,49997186439.0,49997.18644,2.768158831,
2287,11215,SVN,Southern Europe,no data,Slovenia,Ingreso alto,2015,43107506024.0,43107.50602,2.210081607,
2288,11216,SVN,Southern Europe,no data,Slovenia,Ingreso alto,2016,44766722791.0,44766.72279,3.191852518,
2289,11217,SVN,Southern Europe,no data,Slovenia,Ingreso alto,2017,48589100043.0,48589.10004,4.815380632,
2290,11218,SVN,Southern Europe,no data,Slovenia,Ingreso alto,2018,54177882426.0,54177.88243,4.454365747,
2291,11219,SVN,Southern Europe,no data,Slovenia,Ingreso alto,2019,54331588482.0,54331.58848,3.451079244,
2334,11262,SWE,Northern Europe,no data,Sweden,Ingreso alto,2000,263000000000.0,262835.4544,4.766348871,
2335,11263,SWE,Northern Europe,no data,Sweden,Ingreso alto,2001,242000000000.0,242395.8525,1.449498618,
2336,11264,SWE,Northern Europe,no data,Sweden,Ingreso alto,2002,267000000000.0,266849.0618,2.196921062,
2337,11265,SWE,Northern Europe,no data,Sweden,Ingreso alto,2003,334000000000.0,334337.2123,2.30981059,
2338,11266,SWE,Northern Europe,no data,Sweden,Ingreso alto,2004,385000000000.0,385118.0449,4.336856154,
2339,11267,SWE,Northern Europe,no data,Sweden,Ingreso alto,2005,392000000000.0,392218.0889,2.85880324,
2340,11268,SWE,Northern Europe,no data,Sweden,Ingreso alto,2006,423000000000.0,423093.4374,4.662773552,
2341,11269,SWE,Northern Europe,no data,Sweden,Ingreso alto,2007,491000000000.0,491252.5892,3.439221776,
2342,11270,SWE,Northern Europe,no data,Sweden,Ingreso alto,2008,518000000000.0,517706.1492,-0.450559257,
2343,11271,SWE,Northern Europe,no data,Sweden,Ingreso alto,2009,437000000000.0,436537.0143,-4.339790575,
2344,11272,SWE,Northern Europe,no data,Sweden,Ingreso alto,2010,496000000000.0,495812.5588,5.952107008,
2345,11273,SWE,Northern Europe,no data,Sweden,Ingreso alto,2011,574000000000.0,574094.113,3.195333235,
2346,11274,SWE,Northern Europe,no data,Sweden,Ingreso alto,2012,552000000000.0,552483.7273,-0.588304569,
2347,11275,SWE,Northern Europe,no data,Sweden,Ingreso alto,2013,587000000000.0,586841.8218,1.187775716,
2348,11276,SWE,Northern Europe,no data,Sweden,Ingreso alto,2014,582000000000.0,581964.0172,2.657798275,
2349,11277,SWE,Northern Europe,no data,Sweden,Ingreso alto,2015,505000000000.0,505103.7813,4.489281588,
2350,11278,SWE,Northern Europe,no data,Sweden,Ingreso alto,2016,516000000000.0,515654.6715,2.070593151,
2351,11279,SWE,Northern Europe,no data,Sweden,Ingreso alto,2017,541000000000.0,541018.7498,2.567924525,
2352,11280,SWE,Northern Europe,no data,Sweden,Ingreso alto,2018,555000000000.0,555455.3715,1.950022846,
2353,11281,SWE,Northern Europe,no data,Sweden,Ingreso alto,2019,534000000000.0,533879.5292,1.986195874,
2396,12440,UKR,Eastern Europe,no data,Ukraine,Pases de ingreso mediano bajo,2000,32375280321.0,32375.28032,5.9,
2397,12441,UKR,Eastern Europe,no data,Ukraine,Pases de ingreso mediano bajo,2001,39309580983.0,39309.58098,8.800000004,
2398,12442,UKR,Eastern Europe,no data,Ukraine,Pases de ingreso mediano bajo,2002,43956369917.0,43956.36992,5.339647207,
2399,12443,UKR,Eastern Europe,no data,Ukraine,Pases de ingreso mediano bajo,2003,52010238716.0,52010.23872,9.516609864,
2400,12444,UKR,Eastern Europe,no data,Ukraine,Pases de ingreso mediano bajo,2004,67220154164.0,67220.15416,11.79535253,
2401,12445,UKR,Eastern Europe,no data,Ukraine,Pases de ingreso mediano bajo,2005,89239370109.0,89239.37011,3.071230392,
2402,12446,UKR,Eastern Europe,no data,Ukraine,Pases de ingreso mediano bajo,2006,112000000000.0,111884.7525,7.571420763,
2403,12447,UKR,Eastern Europe,no data,Ukraine,Pases de ingreso mediano bajo,2007,149000000000.0,148733.8614,8.215844452,
2404,12448,UKR,Eastern Europe,no data,Ukraine,Pases de ingreso mediano bajo,2008,188000000000.0,188111.1406,2.243491596,
2405,12449,UKR,Eastern Europe,no data,Ukraine,Pases de ingreso mediano bajo,2009,122000000000.0,121552.7775,-15.13646791,
2406,12450,UKR,Eastern Europe,no data,Ukraine,Pases de ingreso mediano bajo,2010,141000000000.0,141209.8644,4.092004367,
2407,12451,UKR,Eastern Europe,no data,Ukraine,Pases de ingreso mediano bajo,2011,169000000000.0,169333.0488,5.44528081,
2408,12452,UKR,Eastern Europe,no data,Ukraine,Pases de ingreso mediano bajo,2012,183000000000.0,182592.4165,0.152314967,
2409,12453,UKR,Eastern Europe,no data,Ukraine,Pases de ingreso mediano bajo,2013,190000000000.0,190498.8115,0.045439094,
2410,12454,UKR,Eastern Europe,no data,Ukraine,Pases de ingreso mediano bajo,2014,134000000000.0,133503.4114,-10.07889498,
2411,12455,UKR,Eastern Europe,no data,Ukraine,Pases de ingreso mediano bajo,2015,91030959455.0,91030.95945,-9.772987213,
2412,12456,UKR,Eastern Europe,no data,Ukraine,Pases de ingreso mediano bajo,2016,93355993629.0,93355.99363,2.440981945,
2413,12457,UKR,Eastern Europe,no data,Ukraine,Pases de ingreso mediano bajo,2017,112000000000.0,112090.5304,2.359972281,
2414,12458,UKR,Eastern Europe,no data,Ukraine,Pases de ingreso mediano bajo,2018,131000000000.0,130891.0498,3.48836234,
2415,12459,UKR,Eastern Europe,no data,Ukraine,Pases de ingreso mediano bajo,2019,154000000000.0,153882.982,3.199503864,
